店铺ID,店铺名称,同类排名,热度,种类编码,种类名称,收藏量,浏览量,附近商家数,人均消费,省份,城市,区域,地址,经度,维度,是否有团购,团购名称,团购价格
6650988621471959053,金掌勺东北菜(悠唐购物中心店),1,16100869.0,10106,美食;中式餐饮;东北菜,1076,423808.0,0.0,78,北京市,北京市,朝阳区,北京市朝阳区三丰北里2号楼05层05-501内515号,116.432859,39.920115,1,金掌勺18分店通用！139抢价值270的双人餐，称霸各大榜单的锅包肉，热菜凉菜甜品主食一样不少，俩人吃不完！,139.0
6906238106190481412,王渔王得莫利豆粉鱼,2,2120129.0,10106,美食;中式餐饮;东北菜,9149,877002.0,1091.0,118,北京市,北京市,朝阳区,北京市朝阳区霄云路15号-12(前街),116.460656,39.95967,1,五一活动2-3人招牌得莫利炖鱼套餐,238.0
6773545735876069383,杨记铁锅炖鱼粘卷子(新中街店),3,954972.0,10106,美食;中式餐饮;东北菜,17785,3947913.0,60.0,86,北京市,北京市,密云区,北京市密云区新中街179号楼7号,116.845945,40.366877,1,力荐超值3~4人嘎鱼套餐,288.0
6601132277147633668,燕郊烧鸽子(和众店),4,866351.0,10106,美食;中式餐饮;东北菜,7263,20964132.0,607.0,111,北京市,北京市,朝阳区,北京市朝阳区北京东四环中路16号和众汽车运输集团内(窑洼湖桥东北),116.484883,39.882359,1,100元代金券,95.0
6688899323041744900,鑫馥晟铁锅炖,5,644787.0,10106,美食;中式餐饮;东北菜,7050,1885590.0,88.0,76,北京市,北京市,丰台区,北京市丰台区丰葆路富锦嘉园一区六圈菜市场北门,116.281218,39.817669,0,,
6832095257245665293,呱呱铁锅炖,6,596092.0,10106,美食;中式餐饮;东北菜,2398,2244189.0,758.0,106,北京市,北京市,朝阳区,北京市朝阳区惠新西里248号,116.415271,39.975937,1,大鹅锅套餐,268.0
6636196596218415107,金掌勺东北菜(龙域万科店),7,273766.0,10106,美食;中式餐饮;东北菜,1376,229392.0,81.0,79,北京市,北京市,昌平区,北京市昌平区回龙观镇龙域中街1号院1号楼回龙观万科商场4层L4015号-L4017号,116.310416,40.065061,1,【18分店通用】东北菜扛把子！319抢价值585的4-6人餐，人均50吃正宗东北菜！,319.0
6749363404030347268,家在东北锦州烧烤,8,273626.0,10106,美食;中式餐饮;东北菜,5692,2898957.0,196.0,96,北京市,北京市,丰台区,北京市丰台区宋庄路与金桥东街交叉路口往北约200米(顶秀欣园-东苑西北侧),116.422513,39.837156,0,,
6881229046684960781,鸽王小馆(鲁谷店),9,241829.0,10106,美食;中式餐饮;东北菜,1603,168150.0,138.0,78,北京市,北京市,石景山区,北京市石景山区鲁谷大街重兴嘉园4号楼2层202,116.225002,39.889661,0,,
6601145023054481422,金掌勺东北菜(车站路店),10,234473.0,10106,美食;中式餐饮;东北菜,1202,4146706.0,137.0,68,北京市,北京市,通州区,北京市通州区车站路41号,116.656379,39.903953,0,,
6601142703663106061,止观小馆,11,216301.0,10106,美食;中式餐饮;东北菜,18712,4961760.0,1544.0,571,北京市,北京市,东城区,北京市东城区朝阳门街道金鱼胡同12号,116.408979,39.913957,0,,
6601138604787894276,金掌勺东北菜(酒仙桥店),12,183606.0,10106,美食;中式餐饮;东北菜,765,141870.0,432.0,69,北京市,北京市,朝阳区,北京市朝阳区酒仙桥路1-5号,116.483243,39.985782,1,金掌勺18分店通用！139抢价值270的双人餐，称霸各大榜单的锅包肉，热菜凉菜甜品主食一样不少，俩人吃不完！,139.0
6825860886729738240,秋子渔村,13,140300.0,10106,美食;中式餐饮;东北菜,9427,1170466.0,44.0,91,北京市,北京市,通州区,北京市通州区1988国际体育小镇内100米,116.695089,39.938348,1,80元抵100代金券,80.0
6601164349081913348,金掌勺东北菜(魏公村店),14,138674.0,10106,美食;中式餐饮;东北菜,595,42587.0,372.0,56,北京市,北京市,海淀区,北京市海淀区民族大学西路18号5号楼1层,116.311343,39.952738,1,【18分店通用】东北菜扛把子！319抢价值585的4-6人餐，人均50吃正宗东北菜！,319.0
6601176530037000196,金掌勺东北菜(双榆树店),15,131624.0,10106,美食;中式餐饮;东北菜,558,27224.0,382.0,59,北京市,北京市,海淀区,北京市海淀区北三环西路双榆树西里9号,116.319227,39.966791,1,金掌勺18分店通用！139抢价值270的双人餐，称霸各大榜单的锅包肉，热菜凉菜甜品主食一样不少，俩人吃不完！,139.0
6610755908379084807,金掌勺东北菜(刘家屯店),16,131108.0,10106,美食;中式餐饮;东北菜,550,14526.0,314.0,53,北京市,北京市,丰台区,北京市丰台区西罗园南里37号,116.387752,39.851184,1,【18分店通用】东北菜扛把子！319抢价值585的4-6人餐，人均50吃正宗东北菜！,319.0
6601182216531740679,金掌勺东北菜(双井店),17,129356.0,10106,美食;中式餐饮;东北菜,543,1790421.0,1063.0,54,北京市,北京市,朝阳区,北京市朝阳区广渠东路38号2层,116.465856,39.891679,1,金掌勺18分店通用！139抢价值270的双人餐，称霸各大榜单的锅包肉，热菜凉菜甜品主食一样不少，俩人吃不完！,139.0
6601178251631003661,金掌勺东北菜(丰科万达广场店),18,129232.0,10106,美食;中式餐饮;东北菜,545,9855.0,103.0,57,北京市,北京市,丰台区,北京市丰台区丰科路与五圈路万达广场4层4022号,116.293616,39.822937,1,金掌勺18分店通用！139抢价值270的双人餐，称霸各大榜单的锅包肉，热菜凉菜甜品主食一样不少，俩人吃不完！,139.0
6601185733694736397,金掌勺东北菜(太阳宫凯德MALL店),19,129151.0,10106,美食;中式餐饮;东北菜,544,11559.0,1092.0,59,北京市,北京市,朝阳区,北京市朝阳区太阳宫中路12号凯德商场4层27号,116.44046,39.969642,1,金掌勺18分店通用！139抢价值270的双人餐，称霸各大榜单的锅包肉，热菜凉菜甜品主食一样不少，俩人吃不完！,139.0
6601130232034363395,酒香居店小二,20,114505.0,10106,美食;中式餐饮;东北菜,8,166552.0,8.0,47,北京市,北京市,昌平区,北京市昌平区南辛路12号(化肥厂宿舍对面南口镇村路口内10米),116.133893,40.227876,0,,
6834843356355463168,乐顺平炖锅邨,21,110348.0,10106,美食;中式餐饮;东北菜,267,871886.0,2.0,0,北京市,北京市,昌平区,北京市昌平区崔村镇昌崔路真顺村46号,116.334736,40.224184,0,,
6601193034912630787,哈尔滨独一处,22,108632.0,10106,美食;中式餐饮;东北菜,1,94798.0,15.0,76,北京市,北京市,通州区,北京市通州区漷马路珠江逸景家园206号楼1单元101底商,116.538902,39.740461,0,,
6601181266572216328,金掌勺东北菜(旧宫店),23,96370.0,10106,美食;中式餐饮;东北菜,397,5137.0,107.0,57,北京市,北京市,大兴区,北京市大兴区小红门路与宣颐路交叉路口往南约50米(宣颐家园),116.449136,39.811294,1,【18分店通用】东北菜扛把子！319抢价值585的4-6人餐，人均50吃正宗东北菜！,319.0
6896964892406843400,金掌勺东北菜(万柳华联店),24,90402.0,10106,美食;中式餐饮;东北菜,375,16588.0,287.0,80,北京市,北京市,海淀区,北京市海淀区巴沟路2号北京华联万柳购物中心F5,116.288915,39.971746,1,【18分店通用】东北菜扛把子！319抢价值585的4-6人餐，人均50吃正宗东北菜！,319.0
6615228086159935491,新元祥盛,25,87687.0,10106,美食;中式餐饮;东北菜,1354,569292.0,274.0,57,北京市,北京市,丰台区,北京市丰台区顺八条8号院一区1号楼,116.419687,39.84801,0,,
6875868099560704007,合兴源东北铁锅炖,26,84105.0,10106,美食;中式餐饮;东北菜,1328,647277.0,57.0,0,北京市,北京市,顺义区,北京市顺义区S331(双河大街),116.687761,40.094646,0,,
6601141853439920141,金掌勺东北菜(劲松店),27,83200.0,10106,美食;中式餐饮;东北菜,334,132864.0,759.0,74,北京市,北京市,朝阳区,北京市朝阳区武圣路农光里206号2层,116.46138,39.879056,1,金掌勺18分店通用！139抢价值270的双人餐，称霸各大榜单的锅包肉，热菜凉菜甜品主食一样不少，俩人吃不完！,139.0
6601263368982497284,金掌勺东北菜(王府井店),28,73721.0,10106,美食;中式餐饮;东北菜,328,145642.0,1499.0,70,北京市,北京市,东城区,北京市东城区王府井大街255号王府井百货F6,116.404064,39.912671,1,【18分店通用】东北菜扛把子！319抢价值585的4-6人餐，人均50吃正宗东北菜！,319.0
6601141015900342279,金掌勺东北菜(通州万达广场店),29,73679.0,10106,美食;中式餐饮;东北菜,347,209968.0,186.0,67,北京市,北京市,通州区,北京市通州区新华西街58号万达广场F4,116.634219,39.904208,1,金掌勺18分店通用！139抢价值270的双人餐，称霸各大榜单的锅包肉，热菜凉菜甜品主食一样不少，俩人吃不完！,139.0
6601161290079537166,小金朝族饭馆(工体西门店),30,72289.0,10106,美食;中式餐饮;东北菜,36641,4305602.0,1576.0,41,北京市,北京市,东城区,北京市东城区吉市口东路与吉市口八条交叉路口往北约100米(职业大学东侧),116.433595,39.928434,0,,
6902157183773837312,金恋花泰餐厅,1,3265746.0,10201,美食;东南亚菜;泰国菜,18657,4993302.0,1677.0,153,北京市,北京市,朝阳区,北京市朝阳区神路街39号10幢3层3段91,116.437518,39.916835,1,景观位闺蜜双人套餐198（2人餐）,198.0
6601164388072163341,铁粉越南牛肉粉(东四店),2,3072593.0,10202,美食;东南亚菜;越南菜,6554,696633.0,1521.0,56,北京市,北京市,东城区,北京市东城区东四北大街373号,116.410972,39.926242,1,"[铁粉越南牛肉粉]109元抢289元双人套餐















",109.0
6652869701800036359,KEAAMI THAI by TIAGO(朝阳大悦城),3,1662239.0,10204,美食;东南亚菜;其他东南亚菜,8046,8045765.0,529.0,190,北京市,北京市,朝阳区,北京市朝阳区朝阳北路101号朝阳大悦城6F-25号(悦界内),116.511823,39.923762,1,【红包专享】米其林尝鲜双人套餐,398.0
6667808757759690763,铁粉越南牛肉粉pho(丰科万达店),4,511358.0,10202,美食;东南亚菜;越南菜,875,784886.0,108.0,60,北京市,北京市,丰台区,北京市丰台区丰科路6号院万达广场4层4002B,116.29231,39.823546,1,"[铁粉越南牛肉粉]109元抢289元双人套餐















",109.0
6799248168761493519,清莱泰餐厅(东方广场店)LANNA,5,411555.0,10201,美食;东南亚菜;泰国菜,2369,218518.0,1496.0,149,北京市,北京市,东城区,北京市东城区东方新天地地铁层食通天大街FF16B,116.406008,39.908512,1,69抢清莱LANNNA泰餐厅100元代金券，全场通用可无限叠加！上千好评的高端地道泰餐，坐标东方新天地,69.0
6833170292970424323,蜜HOMIES餐吧,6,326878.0,10201,美食;东南亚菜;泰国菜,390,101651.0,1287.0,109,北京市,北京市,朝阳区,北京市朝阳区双花园南里三区24号楼102号,116.451939,39.898478,1,蜜HOMIES东南亚风情双人餐,108.0
6601137180045740040,恒河印度餐厅(世贸天阶南街),7,209955.0,10203,美食;东南亚菜;印度菜,159,226523.0,1598.0,109,北京市,北京市,朝阳区,北京市朝阳区光华路9号世贸天阶A座世贸天阶南街B1层,116.444728,39.915173,1,[恒河传奇印度餐厅]705元B套餐,705.0
6601212924981676039,正泰Amazingthai(蓝色港湾国际商区),8,146298.0,10201,美食;东南亚菜;泰国菜,729,88034.0,1240.0,125,北京市,北京市,朝阳区,北京市朝阳区朝阳公园路6号院蓝色港湾国际商区1F层M159,116.468172,39.948181,1,泰式经典超值双人餐,196.0
6601225131559749646,蘭棠Grand Bazaar(蓝色港湾店),9,99086.0,10201,美食;东南亚菜;泰国菜,3028,1834422.0,1187.0,181,北京市,北京市,朝阳区,北京市朝阳区朝阳公园路6号蓝色港湾LW-12(朝阳公园西北角),116.471659,39.947628,1,湖畔双人人气套餐,680.0
6771339767989717003,KEAAMI THAI by TIAGO(王府中环店),10,71326.0,10201,美食;东南亚菜;泰国菜,12716,9615624.0,1466.0,195,北京市,北京市,东城区,北京市东城区王府井大街269号王府中环东座L4层416C号,116.403443,39.910894,1,【红包专享】米其林尝鲜双人套餐,398.0
6906612255022909453,隐泰Hidden Thai,11,49367.0,10201,美食;东南亚菜;泰国菜,180,30645.0,1520.0,149,北京市,北京市,东城区,北京市东城区新中街18号阳光都市公建楼1层109-1,116.434612,39.934684,1,[隐泰HiddenThai]146元抢384元2-3人餐,146.0
6601150095595407367,泰合院(月坛店),12,47971.0,10201,美食;东南亚菜;泰国菜,13079,1250148.0,469.0,145,北京市,北京市,西城区,北京市西城区月坛南街30号万方西单商场2层(近三里河东路),116.334734,39.912436,0,,
6834853594542426127,買味堂东南亚风味餐厅,13,27653.0,10204,美食;东南亚菜;其他东南亚菜,368,137544.0,82.0,79,北京市,北京市,大兴区,北京市大兴区亦庄经济技术开发区天宝南街上海沙龙天宝园五里二区二层A9号吉野家楼上,116.493145,39.789679,1,买味堂双人餐,159.0
6911435281707042823,正泰餐厅AmazingThai(新奥购物中心店),14,15945.0,10201,美食;东南亚菜;泰国菜,4,118.0,286.0,109,北京市,北京市,朝阳区,北京市朝阳区湖景东路9号新奥购物中心B1层,116.38942,39.99786,1,泰式经典超值双人餐,196.0
6753821085633972228,西贡妈妈Saigon Mama(嘉里中心店),15,12722.0,10202,美食;东南亚菜;越南菜,2,2543.0,1474.0,94,北京市,北京市,朝阳区,北京市朝阳区光华路1号嘉里中心B1层B02号单元,116.453109,39.912701,0,,
6601131339632609287,三色莲花印度餐厅(光华路SOHO一期),16,12692.0,10203,美食;东南亚菜;印度菜,22360,5683599.0,1503.0,102,北京市,北京市,朝阳区,北京市朝阳区光华路22号光华路soho一期2层210,116.446606,39.911774,0,,
6601140893573449731,Home Thai(三里屯店),17,11475.0,10201,美食;东南亚菜;泰国菜,880,3382366.0,1477.0,156,北京市,北京市,朝阳区,北京市朝阳区三里屯北路19号三里屯太古里南区3层S2-32(鹿港小镇隔壁),116.448537,39.934309,0,,
6816161433357682688,赤道热东南亚美食,18,8034.0,10204,美食;东南亚菜;其他东南亚菜,133,13459.0,388.0,88,北京市,北京市,朝阳区,北京市朝阳区小营北路29号融华世家东门底商101,116.415505,39.998388,1,赤道热2-3人套餐,168.0
6888152740627892224,PHO爺·越南料理(亦庄大族广场店),19,7475.0,10202,美食;东南亚菜;越南菜,1,4120.0,89.0,108,北京市,北京市,大兴区,北京市大兴区大族广场t4号楼一层30号,116.506727,39.789668,1,大族店网红4人餐,389.0
6601170731784996867,西贡在巴黎(大族广场店),20,7260.0,10202,美食;东南亚菜;越南菜,0,24333.0,87.0,98,北京市,北京市,大兴区,北京市大兴区经济技术开发区亦庄经济开发区荣华南路2号院大族广场购物中心3层,116.506891,39.790637,1,经典单人套餐,60.0
6601141895475234820,Pakpak喜悦泰(奔驰大厦店),21,7218.0,10201,美食;东南亚菜;泰国菜,4,207874.0,404.0,126,北京市,北京市,朝阳区,北京市朝阳区望京街8号院奔驰大厦裙楼2层,116.475653,39.992464,1,甄选六人餐,598.0
6601139772192720899,西贡在巴黎(巴黎老佛爷百货),22,6753.0,10202,美食;东南亚菜;越南菜,3,18043.0,929.0,101,北京市,北京市,西城区,北京市西城区西长安街街道西单北大街110号老佛爷百货4层,116.369056,39.912615,1,魅惑西贡3-4人338元套餐,338.0
6662161410748860423,兰纳LANNA泰餐厅(银泰店),23,6421.0,10201,美食;东南亚菜;泰国菜,493,230911.0,1407.0,171,北京市,北京市,朝阳区,北京市朝阳区建国门外大街2号北京银泰中心F3,116.452508,39.906115,0,,
6696915514779830279,青柠泰餐厅(荟聚中心店),24,6149.0,10201,美食;东南亚菜;泰国菜,115,299929.0,118.0,144,北京市,北京市,大兴区,北京市大兴区欣宁街15号北京荟聚中心F3,116.321507,39.787253,0,,
6860003429322901508,南洋茶室KAKIKOPI,25,5967.0,10204,美食;东南亚菜;其他东南亚菜,229,48990.0,1113.0,111,北京市,北京市,朝阳区,北京市朝阳区霄云路后街15号,116.459802,39.959635,0,,
6601189881567774734,Home Thai·泰谣(西单大悦城店),26,5491.0,10201,美食;东南亚菜;泰国菜,71,1128491.0,844.0,150,北京市,北京市,西城区,北京市西城区西单北大街130号西单大悦城6层查特花园2楼,116.366528,39.909606,0,,
6601141949707585540,热啊餐馆(中关村店),27,4839.0,10201,美食;东南亚菜;泰国菜,53,352954.0,325.0,99,北京市,北京市,海淀区,北京市海淀区中关村大街15-9号一层R105,116.308661,39.978531,0,,
6601143906849523715,暹罗泰(新源西里店),28,4599.0,10201,美食;东南亚菜;泰国菜,17,58910.0,1385.0,202,北京市,北京市,朝阳区,北京市朝阳区新源西里社区东街甲10号,116.441057,39.946308,0,,
6601142773322090503,西贡妈妈(三里屯店),29,4502.0,10202,美食;东南亚菜;越南菜,220,391639.0,1494.0,102,北京市,北京市,朝阳区,北京市朝阳区三里屯太古里3层南区S6-32,116.448821,39.933847,0,,
6939265909932427277,Linlin泰餐厅(华夏幸福店),30,4098.0,10201,美食;东南亚菜;泰国菜,0,1694.0,112.0,136,北京市,北京市,丰台区,北京市丰台区汽车博物馆西路8号院华夏幸福创新中心B座B1,116.295245,39.822612,0,,
6601143588988389380,丽江庭院(安定门店),1,474260.0,10110,美食;中式餐饮;云贵菜,17,24448.0,1319.0,153,北京市,北京市,东城区,北京市东城区安定门内大街柴棒胡同3号(近安定门内大街),116.401631,39.944837,1,五一特惠代金券,95.0
6601139536258926600,三月茶花(百子湾店),2,365656.0,10110,美食;中式餐饮;云贵菜,1879,685752.0,1042.0,92,北京市,北京市,朝阳区,北京市朝阳区百子湾路19号(百子湾桥东北角),116.485009,39.89972,1,49抢三月茶花100元代金券，最多可叠3张！北京必吃地道云南菜，性价比超高！百子湾/华威桥两店通用,49.0
6809200810044442638,云海肴·云南菜(朝阳公园蓝色港湾店),3,234886.0,10110,美食;中式餐饮;云贵菜,887,4472587.0,1204.0,102,北京市,北京市,朝阳区,北京市朝阳区朝阳公园路6号院亮马食街170号,116.469929,39.948888,1,云海肴随心吃85抵100元堂食代金券,85.0
6748810796643518472,滇蒸鲜,4,136804.0,10110,美食;中式餐饮;云贵菜,1940,264801.0,113.0,94,北京市,北京市,丰台区,北京市丰台区槐房南路万达广场四楼滇蒸鲜4002b,116.360914,39.813335,1,[滇蒸石锅鱼]99元抢275元超值双人餐,99.0
6601141842991908877,泓0871臻选云南菜,5,101427.0,10110,美食;中式餐饮;云贵菜,3390,4360013.0,161.0,222,北京市,北京市,朝阳区,北京市朝阳区双树路E9文化创意园6栋,116.59071,39.88381,0,,
6601140361630844932,云海肴餐厅,6,70330.0,10110,美食;中式餐饮;云贵菜,28,13592.0,1434.0,92,北京市,北京市,东城区,北京市东城区东直门外大街48号北京银座商场B1层,116.42867,39.93883,1,正宗云南风味美食团聚双人餐,179.0
6853617065174075406,蜗牛的家小酒馆(安贞店),7,30055.0,10110,美食;中式餐饮;云贵菜,85,172095.0,740.0,110,北京市,北京市,朝阳区,北京市朝阳区安华路安华西里三区甲三号楼(近外馆斜街),116.392415,39.964916,0,,
6802439562565126147,蜗牛小馆醉乡民谣云南菜(惠新西里店),8,27000.0,10110,美食;中式餐饮;云贵菜,742,146096.0,650.0,69,北京市,北京市,朝阳区,北京市朝阳区安苑路惠新西里一区2号楼瑞尔利宾馆1层,116.415169,39.980638,0,,
6601141346675722254,云海肴·云南菜(领展购物广场·中关村店),9,22844.0,10110,美食;中式餐饮;云贵菜,14,20333.0,321.0,90,北京市,北京市,海淀区,北京市海淀区中关村丹棱街甲1号领展购物广场·中关村5层,116.307394,39.97855,1,正宗云南风味美食团聚双人餐,179.0
6601137785610962957,云海肴云南菜(广渠路合生汇店),10,16735.0,10110,美食;中式餐饮;云贵菜,0,48730.0,1016.0,92,北京市,北京市,朝阳区,北京市朝阳区西大望路21号北京合生汇购物中心地下一层21街区D71SUOL SILVER专柜,116.474318,39.892232,1,正宗云南风味美食团聚双人餐,179.0
6601265043529009159,黔乡小厨私家菜,11,16417.0,10110,美食;中式餐饮;云贵菜,4,4144.0,28.0,79,北京市,北京市,顺义区,北京市顺义区火沙路金地世家广场2层7-211室,116.531977,40.098863,1,95抵100代金券,95.0
6601142916947642376,云海肴·云南菜(华联商厦),12,15421.0,10110,美食;中式餐饮;云贵菜,9,5623.0,66.0,90,北京市,北京市,昌平区,北京市昌平区回龙观西大街111号BHG Mall北京华联回龙观购物中心3层,116.312632,40.07523,1,正宗云南风味美食团聚双人餐,179.0
6601143602535991300,火烧云傣家菜,13,14314.0,10110,美食;中式餐饮;云贵菜,1096,2207820.0,1570.0,111,北京市,北京市,朝阳区,北京市朝阳区呼家楼街道好世界商场B1层B-18室,116.456719,39.919748,0,,
6601265039699625998,滇大池蒸汽石锅鱼·云南铜锅鱼(昌平龙域店),14,14299.0,10110,美食;中式餐饮;云贵菜,13,501509.0,85.0,156,北京市,北京市,昌平区,北京市昌平区龙域东一路10号院龙域北街创集合二层213室,116.306617,40.065427,0,,
6601134103934797831,云海肴·云南菜(长楹天街店),15,13626.0,10110,美食;中式餐饮;云贵菜,3,10582.0,168.0,89,北京市,北京市,朝阳区,北京市朝阳区朝阳北路长楹天街购物中心西区5层,116.592931,39.923815,1,云海肴随心吃85抵100元堂食代金券,85.0
6652265506050951179,云海肴云南菜(顺义华联店),16,13619.0,10110,美食;中式餐饮;云贵菜,4,32941.0,107.0,101,北京市,北京市,顺义区,北京市顺义区仁和镇新顺南大街8号BHG Mall北京华联顺义金街购物中心4层,116.645932,40.126848,1,正宗云南风味美食团聚双人餐,179.0
6766546505315747847,云海肴·云南菜(清河万象汇东区),17,13608.0,10110,美食;中式餐饮;云贵菜,3,30544.0,157.0,100,北京市,北京市,海淀区,北京市海淀区清河中街68号华润五彩城购物中心东区6层L662号,116.3302,40.02887,1,正宗云南风味美食团聚双人餐,179.0
6601138377725052932,滇越乘象云南餐厅(豆各庄店),18,11300.0,10110,美食;中式餐饮;云贵菜,31,59680.0,48.0,84,北京市,北京市,朝阳区,北京市朝阳区西马各庄东村文化艺术基地二期M-1,116.561757,39.870097,1,滇越乘象双人餐,188.0
6601192653486819342,三月茶花(华威桥店),19,10031.0,10110,美食;中式餐饮;云贵菜,9,19672.0,578.0,88,北京市,北京市,朝阳区,北京市朝阳区华威桥南新园中路106号,116.461297,39.867794,1,49抢三月茶花100元代金券，最多可叠3张！北京必吃地道云南菜，性价比超高！百子湾/华威桥两店通用,49.0
6891567167133714447,肆拾壹号院,20,8909.0,10110,美食;中式餐饮;云贵菜,1,4216.0,833.0,113,北京市,北京市,西城区,北京市西城区德胜门内大街70号,116.373729,39.943842,1,158元双人餐,158.0
6601141507082684430,云海肴·云南菜(怀柔青春万达广场),21,8683.0,10110,美食;中式餐饮;云贵菜,1,23115.0,60.0,91,北京市,北京市,怀柔区,北京市怀柔区青春路怀柔青春万达广场6层,116.624253,40.314925,0,,
6692987423376377867,醉美遵义,22,8301.0,10110,美食;中式餐饮;云贵菜,3,47987.0,1015.0,131,北京市,北京市,朝阳区,北京市朝阳区小黄庄路和平街西苑14号楼5单元,116.409821,39.963505,0,,
6719173066515056644,饿鱼Cravings·新派云南菜(隆福寺店),23,8056.0,10110,美食;中式餐饮;云贵菜,4,16343.0,1488.0,90,北京市,北京市,东城区,北京市东城区人民市场西巷与崔府夹道交叉路口东南侧(隆福大厦),116.40781,39.92414,1,双人暖心锅套餐,258.0
6601168252309604365,彝佤锡云南过桥米线(房山东大街店),24,8033.0,10118,美食;中式餐饮;其他中式餐饮,20,25769.0,22.0,23,北京市,北京市,房山区,北京市房山区房山东大街2号2幢1F-002,115.978704,39.702028,0,,
6695491946212804620,贵凤凰贵州羊肉粉·小吃(国贸店),25,7836.0,10110,美食;中式餐饮;云贵菜,898,2092248.0,1464.0,58,北京市,北京市,朝阳区,北京市朝阳区光华东里8号院1号楼-1层,116.45019,39.909683,0,,
6610633888286902285,云海肴·云南菜(五道口购物中心),26,7541.0,10110,美食;中式餐饮;云贵菜,5,11411.0,330.0,90,北京市,北京市,海淀区,北京市海淀区成府路28号五道口购物中心D座6层,116.332969,39.990166,1,正宗云南风味美食团聚双人餐,179.0
6601137900870453262,一坐一忘丽江主题餐厅(三里屯店),27,7321.0,10110,美食;中式餐饮;云贵菜,127,580575.0,1412.0,98,北京市,北京市,朝阳区,北京市朝阳区三里屯北小街1号,116.446489,39.942098,0,,
6601151155902875651,百里苗香贵州菜,28,7030.0,10110,美食;中式餐饮;云贵菜,36,259491.0,103.0,129,北京市,北京市,海淀区,北京市海淀区安宁庄后街京玺文化园2号1栋,116.324137,40.04913,0,,
6601139918322272259,蜗牛的家音乐主题餐厅(护国寺店),29,6825.0,10110,美食;中式餐饮;云贵菜,26,803578.0,866.0,104,北京市,北京市,西城区,北京市西城区护国寺街85号护国新天地1层,116.369186,39.933908,0,,
6601127606500722695,滇大池蒸汽石锅鱼·云南铜锅鱼(望京店),30,6706.0,10110,美食;中式餐饮;云贵菜,6,834356.0,283.0,156,北京市,北京市,朝阳区,北京市朝阳区来广营西路望京诚盈中心4号楼2层,116.459596,40.020689,0,,
6601137098751739911,院落(地安门店),1,28770940.0,10101,美食;中式餐饮;北京菜,39554,5394926.0,1051.0,102,北京市,北京市,西城区,北京市西城区什刹海街道地安门西大街119号院,116.378153,39.931918,1,院落新京菜.烤鸭3-4人餐,148.0
6912920167680837635,宫宴,2,15803060.0,10101,美食;中式餐饮;北京菜,69502,11840786.0,895.0,0,北京市,北京市,东城区,北京市东城区前门大街50号,116.392081,39.894207,1,328抢798宫宴·燕享食禮午宴单人券，米其林主厨打造，沉浸式宫廷用餐体验，流传千年的皇家味道！吃皇家美食看古风表演！坐标前门,328.0
6601140803349776397,茶汤李京味餐厅(和平里店),3,5099010.0,10101,美食;中式餐饮;北京菜,50972,36886579.0,1183.0,65,北京市,北京市,东城区,北京市东城区和平里七区三十号楼1号底商,116.414124,39.960546,0,,
6665963865815205896,惠丰堂饭荘(吉市口店),4,2482540.0,10101,美食;中式餐饮;北京菜,3053,358732.0,1719.0,97,北京市,北京市,朝阳区,北京市朝阳区吉祥里102号楼1层116、B1层1,116.433547,39.924919,1,惠丰堂饭庄品质四人大厅套餐,218.0
6601155110946998275,鼎香润,5,1391634.0,10101,美食;中式餐饮;北京菜,36843,7024872.0,888.0,53,北京市,北京市,西城区,北京市西城区德胜门内大街36号,116.373874,39.945651,0,,
6601159203211970573,全宜美饭庄,6,1072973.0,10101,美食;中式餐饮;北京菜,4124,532999.0,11.0,0,北京市,北京市,顺义区,北京市顺义区陈衙路25号,116.610919,40.200814,0,,
6601196475772831747,君兰香饭店,7,1017918.0,10101,美食;中式餐饮;北京菜,3908,565724.0,54.0,60,北京市,北京市,丰台区,北京市丰台区王佐镇京良路(庄户村民学校对面),116.156195,39.780341,0,,
6601134503828146189,杏园餐厅(西四北大街),8,833656.0,10101,美食;中式餐饮;北京菜,69759,17284797.0,933.0,40,北京市,北京市,西城区,北京市西城区西四北大街24号(平安里十字路口东南),116.367103,39.930155,0,,
6601130333351970830,御仙都皇家菜博物馆(金四季购物中心),9,631825.0,10101,美食;中式餐饮;北京菜,91834,66919220.0,161.0,379,北京市,北京市,海淀区,北京市海淀区西四环北路117号金四季购物中心F1层,116.264703,39.944174,1,皇家国宴单人餐,688.0
6601131759260141572,北京亮餐厅,10,621205.0,10101,美食;中式餐饮;北京菜,19641,122350176.0,1419.0,917,北京市,北京市,朝阳区,北京市朝阳区建国门外大街2号北京银泰中心66层,116.452199,39.905687,0,,
6601140798434052100,香满楼(新源店),11,594569.0,10101,美食;中式餐饮;北京菜,9218,9668944.0,1419.0,120,北京市,北京市,朝阳区,北京市朝阳区新源西里中街(渔阳饭店斜对面),116.440273,39.94537,0,,
6723042888818739203,提督TIDU(北京坊店),12,563005.0,10101,美食;中式餐饮;北京菜,2311,479277.0,929.0,284,北京市,北京市,西城区,北京市西城区坊廊坊头条21号院W9楼4层01号,116.388744,39.896248,0,,
6601177260030429198,二张农家菜,13,520097.0,10101,美食;中式餐饮;北京菜,41635,23579989.0,4.0,61,北京市,北京市,昌平区,北京市昌平区京新高速公路(马池口镇楼自庄村49号院),116.207863,40.163829,0,,
6601133070005307400,悦宾饭馆(翠花胡同店),14,469821.0,10101,美食;中式餐饮;北京菜,18628,12990217.0,1517.0,69,北京市,北京市,东城区,北京市东城区翠花胡同43号(中国美术馆正门斜对面),116.401332,39.922372,0,,
6601141687894935556,鸿宾楼(朝阳门店),15,464365.0,10101,美食;中式餐饮;北京菜,3733,1052173.0,1741.0,147,北京市,北京市,朝阳区,北京市朝阳区朝阳门外大街20号1幢联合大厦2层203号,116.432189,39.92123,1,牛气冲天6人套餐,688.0
6871421802556524558,Rhapsody小大董(太古里店),16,437806.0,10101,美食;中式餐饮;北京菜,2230,2793354.0,1539.0,193,北京市,北京市,朝阳区,北京市朝阳区三里屯路19号院9号楼三层S09-3内S9-33单元,116.447424,39.933069,0,,
6601137357280249863,红红烤鸭店(太仆寺街店),17,430275.0,10101,美食;中式餐饮;北京菜,3436,4492369.0,990.0,90,北京市,北京市,西城区,北京市西城区太仆寺街48号(府右街宾馆斜对面),116.373014,39.910828,0,,
6756703517341370372,院落新京菜·烤鸭(望京华彩店),18,385901.0,10101,美食;中式餐饮;北京菜,1603,248620.0,330.0,107,北京市,北京市,朝阳区,北京市朝阳区广顺北大街16号院3号楼4层401内D0411A号,116.463572,40.009082,1,院落新京菜.烤鸭3-4人餐,148.0
6895554860029052941,点卯一口酥烤鸭(西直门店),19,361554.0,10101,美食;中式餐饮;北京菜,1022,178385.0,638.0,114,北京市,北京市,西城区,北京市西城区西直门外大街1号凯德MALL05层05-17/18,116.346753,39.939666,1,三餐四季,388.0
6633394749711583245,院落新京菜·烤鸭(五道口店),20,346162.0,10101,美食;中式餐饮;北京菜,127,10149.0,329.0,101,北京市,北京市,海淀区,北京市海淀区双清路88号一幢3层301室,116.328386,39.994843,1,院落新京菜.烤鸭3-4人餐,148.0
6601126220023203848,全聚德烤鸭店(前门店),21,333681.0,10101,美食;中式餐饮;北京菜,1697,18245494.0,927.0,191,北京市,北京市,东城区,北京市东城区前门大街30号,116.392004,39.895229,1,4-5人全聚德前门烤鸭套餐,800.0
6635425212017936388,局气(德云社店),22,302561.0,10101,美食;中式餐饮;北京菜,63126,136671851.0,867.0,129,北京市,北京市,西城区,北京市西城区新街口北大街74、76光泽胡同甲1号8幢、11幢、12幢,116.366255,39.943069,1,局气必点烤鸭双人餐（德云社）,238.0
6601131088389605384,北京宴(丰台总店),23,275187.0,10101,美食;中式餐饮;北京菜,4011,24043439.0,217.0,439,北京市,北京市,丰台区,北京市丰台区靛厂路3号,116.279512,39.888686,0,,
6799930964882589707,御仙都皇家菜博物馆(金四季购物中心),24,263168.0,10101,美食;中式餐饮;北京菜,2549,4667613.0,161.0,318,北京市,北京市,海淀区,北京市海淀区西四环北路117号金四季购物中心F1层,116.264779,39.944477,0,,
6601134005616134152,北京德云红事会馆,25,260448.0,10101,美食;中式餐饮;北京菜,5816,148074464.0,92.0,948,北京市,北京市,朝阳区,北京市朝阳区白鹿司红事会路1号,116.546111,39.872356,0,,
6852819687772784655,刘姥姥私房菜·烤鸭(西四总店),26,252759.0,10101,美食;中式餐饮;北京菜,32605,5867525.0,973.0,95,北京市,北京市,西城区,北京市西城区西四北大街215号,116.366962,39.923802,0,,
6866557582329300999,陶记饭庄,27,251532.0,10101,美食;中式餐饮;北京菜,2286,9938734.0,1222.0,95,北京市,北京市,东城区,北京市东城区和平里街道安定门外大街181号楼,116.401393,39.952652,0,,
6601137292985763853,四季民福烤鸭店(故宫店),28,243633.0,10101,美食;中式餐饮;北京菜,6985,16252607.0,1420.0,153,北京市,北京市,东城区,北京市东城区南池子大街11号,116.396647,39.913187,0,,
6892521061661804544,娄三少春饼(方庄店),29,228855.0,10101,美食;中式餐饮;北京菜,930,92976.0,562.0,66,北京市,北京市,丰台区,北京市丰台区芳群路方庄芳古园一区24号楼北侧,116.418977,39.866186,0,,
6838456857460295695,拾久新京菜(蓝色港湾店),30,224896.0,10101,美食;中式餐饮;北京菜,2856,829634.0,1171.0,311,北京市,北京市,朝阳区,北京市朝阳区朝阳公园路6号院21号楼,116.472088,39.948801,0,,
6601200103757711373,昌顺马记小吃店,1,4807536.0,11202,美食;快餐小吃;小吃,53603,16286409.0,64.0,16,北京市,北京市,昌平区,北京市昌平区南环东路14号(近民政局住宅楼),116.25138,40.209436,0,,
6639228614149785613,鬼卤煮,2,3104067.0,11202,美食;快餐小吃;小吃,14080,2697428.0,162.0,52,北京市,北京市,丰台区,北京市丰台区泥洼路(周庄子家园北侧),116.296094,39.861695,0,,
6918483920753264653,田欢喜双椒卤汁拌饭,3,2658122.0,11201,美食;快餐小吃;快餐,10572,1215478.0,1693.0,0,北京市,北京市,朝阳区,北京市朝阳区朝外大街26号我的食光二层3B-080,116.435592,39.920527,1,田欢喜超值单人套餐,36.0
6601141797789894664,增盛魁小吃,4,2376689.0,11202,美食;快餐小吃;小吃,27292,9678973.0,1458.0,9,北京市,北京市,东城区,北京市东城区大佛寺东街26号(隆福医院北),116.404694,39.926218,0,,
6896599632361572365,葱油饼早点联盟,5,2174095.0,11202,美食;快餐小吃;小吃,27228,4559561.0,71.0,11,北京市,北京市,丰台区,北京市丰台区东高地南街东高地小区33号楼和48号楼中间,116.415393,39.805283,0,,
6601142288305358862,闲Barblu,6,1860866.0,11201,美食;快餐小吃;快餐,31242,2866745.0,1322.0,135,北京市,北京市,东城区,北京市东城区五道营胡同31号,116.407848,39.947061,0,,
6601145513913878542,胖妹面庄,7,1744293.0,11206,美食;快餐小吃;面馆,54194,19489862.0,1492.0,39,北京市,北京市,东城区,北京市东城区北新桥东四北大街69号香饵胡同东口(好利来进胡同30米),116.41024,39.937942,0,,
6601160942954743816,重庆小吃麻辣烫,8,1718715.0,11201,美食;快餐小吃;快餐,8184,622052.0,849.0,39,北京市,北京市,西城区,北京市西城区宝产胡同12号附近,116.365447,39.933405,0,,
6601139462346901511,东兴顺爆肚张,9,1567010.0,11202,美食;快餐小吃;小吃,38030,25785558.0,1105.0,58,北京市,北京市,西城区,北京市西城区什刹海前海东沿17号(银锭桥南),116.388447,39.93736,0,,
6601147803563460621,方砖厂69号炸酱面,10,1526162.0,11206,美食;快餐小吃;面馆,75197,84666236.0,1353.0,23,北京市,北京市,东城区,北京市东城区方砖厂69号,116.393564,39.93684,0,,
6848967654275909644,蒸蒸香包子铺(三环新城店),11,1504365.0,11202,美食;快餐小吃;小吃,5966,1108082.0,165.0,18,北京市,北京市,丰台区,北京市丰台区食尚街6号三环新城,116.303499,39.850121,0,,
6601189427232376835,炸糕李,12,1295928.0,11202,美食;快餐小吃;小吃,4750,914878.0,34.0,13,北京市,北京市,通州区,北京市通州区中心三路与兴华中街交叉口西南50米,116.535791,39.754048,0,,
6907355647310825486,阿南柳州螺蛳粉,13,1292591.0,11202,美食;快餐小吃;小吃,5094,478766.0,102.0,0,北京市,北京市,丰台区,北京市丰台区丰仪路1号院2号楼1层103,116.22411,39.875999,0,,
6909207865899091980,肠王卤煮,14,1188620.0,11202,美食;快餐小吃;小吃,2993,475592.0,119.0,0,北京市,北京市,通州区,北京市通州区玉桥中路与玉桥西里中街交叉路口往南约100米,116.675041,39.88821,1,[肠王卤煮]299元抢4人餐,299.0
6859928689031890959,淮南牛肉汤,15,1176704.0,11201,美食;快餐小吃;快餐,4250,660201.0,104.0,0,北京市,北京市,顺义区,北京市顺义区石园南大街18号院3-21号,116.659369,40.10698,0,,
6906238757763024910,骆驼泉烤包子(中关村店),16,1105220.0,11202,美食;快餐小吃;小吃,67196,15621326.0,319.0,22,北京市,北京市,海淀区,北京市海淀区中关村大街20号1栋1层南侧1号,116.310847,39.981284,0,,
6601194280222459911,虾小士(合生汇购物中心店）,17,1096858.0,11201,美食;快餐小吃;快餐,16990,58720362.0,1023.0,42,北京市,北京市,朝阳区,北京市朝阳区西大望路甲22号院1号楼商业部分地下2层22号(合生汇B2层),116.473706,39.892369,1,小龙虾40只,9.9
6882618958726350861,文普轩饭庄,18,1021545.0,11201,美食;快餐小吃;快餐,3904,526700.0,38.0,0,北京市,北京市,房山区,北京市房山区闫村镇张庄村委会北文普轩饭庄,116.087536,39.731732,0,,
6859642079300143118,Tiger curry烧卤(和平里店),19,953114.0,11201,美食;快餐小吃;快餐,4050,338008.0,1292.0,45,北京市,北京市,东城区,北京市东城区和平里东街和平里6区8号楼1层107号,116.418556,39.954998,0,,
6601139327932041230,KATCHUP,20,840878.0,11201,美食;快餐小吃;快餐,17672,1813343.0,1414.0,87,北京市,北京市,东城区,北京市东城区交道口南大街53-1号,116.40217,39.936273,0,,
6601137631977801741,门框胡同百年卤煮(新街口店),21,807176.0,11202,美食;快餐小吃;小吃,20844,94311195.0,807.0,42,北京市,北京市,西城区,北京市西城区赵登禹路2号4号地铁口对面,116.362672,39.939108,0,,
6905866732573820936,南楼煎饼(北京店),22,777113.0,11201,美食;快餐小吃;快餐,13520,1998860.0,1349.0,15,北京市,北京市,东城区,北京市东城区交道口街道鼓楼东大街139-2号,116.396287,39.939571,0,,
6925163078321440782,胡巷里成都大碗面(全国首店),23,690751.0,11206,美食;快餐小吃;面馆,14061,8873387.0,330.0,47,北京市,北京市,海淀区,北京市海淀区新中关购物中心四层L427,116.309419,39.976854,0,,
6601138417310894088,山城面馆,24,669290.0,11206,美食;快餐小吃;面馆,36041,33748403.0,609.0,27,北京市,北京市,西城区,北京市西城区东经路54号,116.387083,39.881181,0,,
6601137560653678605,陈记卤煮小肠(廊房二条店),25,622717.0,11202,美食;快餐小吃;小吃,10961,14044905.0,856.0,24,北京市,北京市,西城区,北京市西城区廊房二条82-84号,116.389107,39.895526,0,,
6601199108579428366,红鼻子桂林米粉,26,587150.0,11208,美食;快餐小吃;米粉米线,75078,12838017.0,228.0,26,北京市,北京市,西城区,北京市西城区马连道路25号新年华购物中心B1,116.319035,39.875876,0,,
6846699940115269647,京西起超老王烧饼夹肘子,27,575513.0,11201,美食;快餐小吃;快餐,7007,1940468.0,8.0,42,北京市,北京市,门头沟区,北京市门头沟区011县道与209省道交叉口北行150米,116.061603,39.984556,0,,
6601178607798716429,峇峇娘马来西亚餐厅,28,567505.0,11201,美食;快餐小吃;快餐,3021,325094.0,370.0,57,北京市,北京市,朝阳区,北京市朝阳区阜通东大街望京SOHO塔1座2层1212,116.475027,39.995424,1,[峇峇娘]158元畅享之夜双人晚餐,158.0
6691181850280347659,甘肃老字号面皮店,29,566574.0,11201,美食;快餐小吃;快餐,5366,2360681.0,1445.0,11,北京市,北京市,东城区,北京市东城区大菊胡同33号(近北新桥地铁站c口),116.415149,39.938914,0,,
6601191351432251405,高台阶大馅饺子家常菜,30,558298.0,11201,美食;快餐小吃;快餐,25491,4091146.0,1004.0,65,北京市,北京市,东城区,北京市东城区体育馆路街道法华南里26号楼,116.417857,39.885928,0,,
6601142374787713037,捌零烤鱼(融景城店),1,2726716.0,10102,美食;中式餐饮;川菜,42933,93685722.0,107.0,78,北京市,北京市,石景山区,北京市石景山区京原路19号院2号楼底商(曼心公寓旁),116.202272,39.894855,1,168抢价值430元捌零烤鱼2-3人餐，招牌烤鱼麻辣、香辣、豆豉、蒜香多种口味任你选！！坐标石景山！！,168.0
6935555905299679266,上听川菜酒馆,2,2435139.0,10102,美食;中式餐饮;川菜,10328,1605621.0,1562.0,138,北京市,北京市,朝阳区,北京市朝阳区工体北路4号院81号楼,116.450412,39.930803,0,,
6849277286903023623,嘟江不宴时尚烤鱼(华熙live店),3,2219505.0,10102,美食;中式餐饮;川菜,5892,2111672.0,211.0,112,北京市,北京市,海淀区,北京市海淀区复兴路69号中铁广场对面宾利展厅楼下负一层B1-02,116.275746,39.91134,1,【四惠/五棵松通用】128抢价值300嘟江不宴烤鱼双人餐！既有烤鱼川菜又有轻奢酒吧！,128.0
6601237877907015688,石记最成都,4,2048472.0,10102,美食;中式餐饮;川菜,35869,2733899.0,1242.0,39,北京市,北京市,朝阳区,北京市朝阳区东三环中路61号,116.455811,39.897471,0,,
6914402029330761728,先启半步颠小酒馆(帝都首店),5,1753699.0,10102,美食;中式餐饮;川菜,26012,2056869.0,1459.0,111,北京市,北京市,朝阳区,北京市朝阳区光华路丙12号数码01大厦2层南侧,116.453155,39.911673,0,,
6601168278444312583,北京风光老灶麻辣香锅(阜石路店),6,1709246.0,10102,美食;中式餐饮;川菜,11161,1743969.0,91.0,72,北京市,北京市,石景山区,北京市石景山区阜石路165号当代商城B1,116.189312,39.924393,0,,
6601143789132187655,龙人居酒楼(二七剧场路店),7,1240052.0,10102,美食;中式餐饮;川菜,16200,6428415.0,502.0,132,北京市,北京市,西城区,北京市西城区二七剧场路南口甲19号楼1层(长安商场东侧10米),116.339794,39.907085,0,,
6896223650630862848,盐某某四川盐帮菜(崇文门店),8,1239152.0,10102,美食;中式餐饮;川菜,795,163929.0,1224.0,85,北京市,北京市,东城区,北京市东城区崇文门外大街40号搜秀城4F-408北,116.413127,39.895175,1,盐某某四川盐帮菜经典4人餐,138.0
6914775359254693899,椒麻故事(金澳国际店),9,1219026.0,10102,美食;中式餐饮;川菜,9186,9653010.0,694.0,102,北京市,北京市,海淀区,北京市海淀区马甸东路19号金澳国际一楼椒麻故事,116.372553,39.970191,1,双人招牌烤清江鱼,168.0
6601125821002287112,胡大饭馆(簋街总店),10,1139815.0,10102,美食;中式餐饮;川菜,7218,133683483.0,1440.0,157,北京市,北京市,东城区,北京市东城区东直门内大街233号,116.413187,39.939757,0,,
6673736076571478028,椒战,11,871544.0,10102,美食;中式餐饮;川菜,17053,74434889.0,518.0,86,北京市,北京市,朝阳区,北京市朝阳区朝阳北路101号朝阳大悦城6F13A2,116.512716,39.923373,0,,
6891568659936839695,醉忆川,12,826633.0,10102,美食;中式餐饮;川菜,1234,131801.0,139.0,95,北京市,北京市,石景山区,北京市石景山区石景山路乙18号万达广场F3,116.220063,39.905364,1,[醉忆川]89元抢271元双人招牌水煮鱼套餐,89.0
6871091323940718592,嘟江不宴·时尚烤鱼(四惠店),13,792222.0,10102,美食;中式餐饮;川菜,529,151674.0,954.0,120,北京市,北京市,朝阳区,北京市朝阳区惠河南街伊莎文化广场A座一层B0305号,116.491157,39.902549,1,【四惠/五棵松通用】128抢价值300嘟江不宴烤鱼双人餐！既有烤鱼川菜又有轻奢酒吧！,128.0
6899934961990649870,成都吃客(双井店),14,774888.0,10102,美食;中式餐饮;川菜,43142,10465237.0,1093.0,114,北京市,北京市,朝阳区,北京市朝阳区广渠路66号院4号楼底商,116.458082,39.889997,0,,
6912551952341534720,溪里王子板烧牛蛙(朝外店),15,724658.0,10102,美食;中式餐饮;川菜,78,14689.0,1687.0,78,北京市,北京市,朝阳区,北京市朝阳区朝阳门外大街26号我的食光一层,116.435002,39.920521,1,90元抵100元代金券,90.0
6854861445872535563,林玉红蜻蜓美蛙鱼头(望京店),16,575040.0,10102,美食;中式餐饮;川菜,2335,730590.0,349.0,129,北京市,北京市,朝阳区,北京市朝阳区河荫中路东1号1-16,116.466439,40.004094,0,,
6906238155360307207,巨说还不错音乐餐厅(天通苑店),17,492838.0,10102,美食;中式餐饮;川菜,1172,9438766.0,55.0,125,北京市,北京市,昌平区,北京市昌平区天通苑北三区61号楼底商,116.43312,40.076063,1,[巨说还不错]378元6人套餐,378.0
6601131660157126664,峨嵋酒家(地安门店),18,469984.0,10102,美食;中式餐饮;川菜,3134,2897911.0,1238.0,82,北京市,北京市,西城区,北京市西城区地安门外大街155号,116.389806,39.932322,0,,
6647262987654662152,胡桃里音乐酒馆(大兴店),19,396660.0,10102,美食;中式餐饮;川菜,2122,3752433.0,105.0,137,北京市,北京市,大兴区,北京市大兴区康庄路2号,116.335,39.756846,0,,
6799093458360469515,阿斯牛牛(北京店),20,382248.0,10102,美食;中式餐饮;川菜,2552,1091355.0,1573.0,113,北京市,北京市,朝阳区,北京市朝阳区工体北路4号机电研究院内66栋,116.451176,39.929369,0,,
6601143418687064067,辣家私厨小龙虾烧烤(北苑旗舰概念店),21,335277.0,10102,美食;中式餐饮;川菜,1399,1169985.0,129.0,105,北京市,北京市,朝阳区,北京市朝阳区来广营镇双营路2号院12号楼底商,116.420813,40.035857,0,,
6601137923213494280,胡桃里音乐酒馆(世贸天阶南街店),22,323759.0,10102,美食;中式餐饮;川菜,975,2302112.0,1608.0,158,北京市,北京市,朝阳区,北京市朝阳区光华路9号世贸天阶南街1号楼四层04商业内L404,116.444863,39.914854,1,29.9蓝色夏威夷鸡尾酒限时特价,29.9
6774866107594475532,胡桃里音乐酒馆(公益西桥店),23,218256.0,10102,美食;中式餐饮;川菜,526,5300219.0,141.0,157,北京市,北京市,丰台区,北京市丰台区城南嘉园益城园16号楼商业一层,116.362929,39.832377,0,,
6601141521016162308,眉州东坡(绿地店),24,205124.0,10102,美食;中式餐饮;川菜,774,174844.0,108.0,96,北京市,北京市,大兴区,北京市大兴区黄村镇金星西路3号绿地缤纷城F4层,116.328491,39.763318,0,,
6861406472224458767,香锅世家麻辣香锅(北房分店),25,193284.0,10102,美食;中式餐饮;川菜,14,159659.0,25.0,0,北京市,北京市,怀柔区,北京市怀柔区北房镇幸福西街甲18号1幢4号,116.693666,40.324666,0,,
6899558854799919104,宏大运重庆鸡公煲(传媒大学店),26,183866.0,10102,美食;中式餐饮;川菜,729,146301.0,302.0,52,北京市,北京市,朝阳区,北京市朝阳区定福庄西街28排7号,116.545871,39.911551,0,,
6601146351386363912,陈老憨百年卤煮火烧(石园店),27,181999.0,10102,美食;中式餐饮;川菜,561,741870.0,103.0,32,北京市,北京市,顺义区,北京市顺义区石园南大街18号院3-4号,116.659283,40.106449,0,,
6601142569780905988,胡桃里音乐酒馆(通州店),28,167369.0,10102,美食;中式餐饮;川菜,1764,4739180.0,122.0,153,北京市,北京市,通州区,北京市通州区九棵树西路92号东郎影视中心,116.644201,39.880643,0,,
6832150560049743879,范贤光鸡公煲(劲松店),29,166534.0,10102,美食;中式餐饮;川菜,18944,2834582.0,858.0,56,北京市,北京市,朝阳区,北京市朝阳区南磨房路辅路农光里117号楼劲松大厦四层,116.455908,39.882677,0,,
6609980320190040078,胡桃里音乐酒馆(四道口店),30,147073.0,10102,美食;中式餐饮;川菜,103,1383612.0,562.0,130,北京市,北京市,海淀区,北京市海淀区学院南路50号哇沃生活广场首层,116.342389,39.956341,0,,
6601150084535027719,老季私家菜臭鳜鱼,1,122007.0,10114,美食;中式餐饮;徽菜,7074,17043281.0,232.0,108,北京市,北京市,朝阳区,北京市朝阳区朝新嘉园东里一区8号楼底商10号商业,116.550371,39.947585,0,,
6601154336502319107,江君府臭鳜鱼·徽菜(农科院店),2,77379.0,10114,美食;中式餐饮;徽菜,274,518891.0,406.0,110,北京市,北京市,海淀区,北京市海淀区中关村南大街12号农业科学院南门院内,116.319534,39.956809,0,,
6601142099423283214,江君府臭鳜鱼·徽菜(镇国寺北街店),3,68772.0,10114,美食;中式餐饮;徽菜,291,160131.0,202.0,110,北京市,北京市,丰台区,北京市丰台区镇国寺北街4号院13号楼2层,116.358443,39.842999,0,,
6916627728481388556,皖悦·新派徽菜(国贸店),4,53308.0,10114,美食;中式餐饮;徽菜,53,9725.0,1371.0,83,北京市,北京市,朝阳区,北京市朝阳区恒惠东路建外SOHO东区8号楼0828,116.451742,39.904202,1,皖悦·新派徽菜2~3人餐,118.0
6867485230878509056,江君府臭鳜.徽菜(门头沟店),5,52026.0,10114,美食;中式餐饮;徽菜,1164,234609.0,53.0,0,北京市,北京市,门头沟区,北京市门头沟区大峪二小路龙泉镇大峪黑山地块A4-B商业楼,116.092642,39.935968,0,,
6636161405961717774,江君府臭鳜鱼·徽菜(增光路店),6,41453.0,10114,美食;中式餐饮;徽菜,2,92438.0,420.0,118,北京市,北京市,海淀区,北京市海淀区甘家口增光路30号(三里河),116.320274,39.926403,0,,
6844448588500600839,郭厨一品布衣徽菜,7,34413.0,10114,美食;中式餐饮;徽菜,81,892884.0,205.0,122,北京市,北京市,丰台区,北京市丰台区靛厂路千禧休闲购物中心A座3层(中影向西60米农行楼上),116.275853,39.888718,0,,
6601212607669995524,徽善源(北苑店),8,24285.0,10114,美食;中式餐饮;徽菜,9,225232.0,187.0,180,北京市,北京市,朝阳区,北京市朝阳区红军营南路赢秋苑20号楼,116.42833,40.031446,0,,
6601136068244801540,梦都酒家,9,23135.0,10114,美食;中式餐饮;徽菜,87,464192.0,192.0,197,北京市,北京市,丰台区,北京市丰台区万丰路303号,116.289505,39.872996,0,,
6601154195800197128,江君府臭鳜鱼·徽菜(小武基店),10,19514.0,10114,美食;中式餐饮;徽菜,42,390525.0,410.0,121,北京市,北京市,朝阳区,北京市朝阳区小武基路满井村57号楼3层,116.480099,39.858901,0,,
6681175523671951373,匠心臭鳜鱼徽菜(荣京道店),11,16579.0,10114,美食;中式餐饮;徽菜,23,31968.0,78.0,92,北京市,北京市,大兴区,北京市大兴区地盛北街1号院40号楼104号,116.489581,39.783903,0,,
6706393006196508679,徽庄园,12,15632.0,10114,美食;中式餐饮;徽菜,175,724802.0,87.0,109,北京市,北京市,朝阳区,北京市朝阳区双南村242号,116.599572,39.877581,0,,
6932982895044773888,江君府臭鳜鱼徽菜(通州东郎影视店),13,15565.0,10114,美食;中式餐饮;徽菜,0,185488.0,123.0,136,北京市,北京市,通州区,北京市通州区九棵树西路92号,116.644592,39.880115,0,,
6880799594683303944,京徽小馆,14,14930.0,10114,美食;中式餐饮;徽菜,23,532129.0,1039.0,0,北京市,北京市,东城区,北京市东城区幸福大街39-4号,116.42422,39.888041,0,,
6601142811599308807,杨记兴臭鳜鱼(高米店店),15,14804.0,10114,美食;中式餐饮;徽菜,40,678067.0,104.0,112,北京市,北京市,大兴区,北京市大兴区黄村镇金惠园小区1-28号,116.319764,39.771643,0,,
6601262596534306823,徽张·黄山臭鳜鱼(常营店),16,14090.0,10114,美食;中式餐饮;徽菜,1,13133.0,158.0,104,北京市,北京市,朝阳区,北京市朝阳区朝阳北路17号BHG Mall北京华联常营购物中心F3层,116.590977,39.925308,1,招牌双人餐,178.0
6641714217038661646,徽杭谷稻(亦庄店),17,12529.0,10114,美食;中式餐饮;徽菜,1,6556.0,98.0,111,北京市,北京市,大兴区,北京市大兴区文化园东路6号亦庄创意生活广场3楼,116.497264,39.810024,1,《五一特惠》双人餐,265.0
6891214152476395535,徽萃小馆(招牌臭鳜鱼),18,11598.0,10114,美食;中式餐饮;徽菜,23,51922.0,161.0,115,北京市,北京市,丰台区,北京市丰台区泥洼北路6号院9号楼,116.296974,39.861573,0,,
6601149685451196423,江君府臭鳜鱼·徽菜(朝阳路店),19,10793.0,10114,美食;中式餐饮;徽菜,58,483292.0,308.0,126,北京市,北京市,朝阳区,北京市朝阳区朝阳路(绿岛苑西区南门旁),116.541204,39.915091,0,,
6601154325530036228,匠心臭鳜鱼·徽菜,20,10525.0,10114,美食;中式餐饮;徽菜,8,84241.0,92.0,98,北京市,北京市,大兴区,北京市大兴区旧忠路12号院7号楼三层,116.445446,39.801681,1,匠心臭鳜鱼代金券,88.0
6601189761455491080,兰亭小厨,21,10100.0,10114,美食;中式餐饮;徽菜,3,63206.0,624.0,114,北京市,北京市,朝阳区,北京市朝阳区华威南路弘善家园305号楼1楼(近四季兰亭酒店),116.444982,39.86874,0,,
6601131436655265806,徽州小镇(鼓楼大街店),22,10079.0,10114,美食;中式餐饮;徽菜,187,2705019.0,991.0,149,北京市,北京市,东城区,北京市东城区安德路甲61号,116.390748,39.950488,0,,
6727170419595560971,徽赞徽州山里菜,23,9640.0,10114,美食;中式餐饮;徽菜,5,53538.0,16.0,114,北京市,北京市,通州区,北京市通州区马驹桥镇环科中路15号润生大厦3楼,116.550608,39.733224,0,,
6601134810041681934,江君府臭鳜鱼·徽菜(白家楼店),24,9328.0,10114,美食;中式餐饮;徽菜,75,374217.0,307.0,103,北京市,北京市,朝阳区,北京市朝阳区三间房朝阳北路58号,116.54368,39.922206,0,,
6601144252602779655,徽州小镇(惠新东街店),25,9278.0,10114,美食;中式餐饮;徽菜,165,12673702.0,775.0,133,北京市,北京市,朝阳区,北京市朝阳区北土城东路元大都城垣遗址公园6号,116.416374,39.975508,0,,
6832986920759363599,袒袒徽乡土菜馆,26,9006.0,10114,美食;中式餐饮;徽菜,3,5785.0,14.0,104,北京市,北京市,丰台区,北京市丰台区长兴路18号,116.149301,39.843629,0,,
6712969370412402699,皖轩无为徽菜臭鳜鱼,27,8828.0,10114,美食;中式餐饮;徽菜,150,644817.0,296.0,89,北京市,北京市,朝阳区,北京市朝阳区朝阳北路56号西侧三层尚艺墅隔壁,116.545222,39.922227,1,经典双人餐,234.0
6601260642479376397,徽州记忆(燕山店),28,8645.0,10114,美食;中式餐饮;徽菜,2,109009.0,12.0,96,北京市,北京市,房山区,北京市房山区向阳路11号燕山石化生产区(东)E3对面,115.954932,39.736606,0,,
6891559880897857549,侯记臭鳜鱼(黄村店),29,8400.0,10114,美食;中式餐饮;徽菜,4,11828.0,88.0,100,北京市,北京市,大兴区,北京市大兴区黄村镇龙河路47号徽菜馆,116.336869,39.737743,0,,
6601129038004094979,徽商故里(朝内旗舰店),30,8272.0,10114,美食;中式餐饮;徽菜,238,720740.0,1628.0,215,北京市,北京市,东城区,北京市东城区朝阳门南小街2号,116.420389,39.922122,0,,
6767546231616030734,DU日料精酿餐吧,1,14689474.0,11701,美食;日韩料理;日料,35932,4405427.0,1060.0,139,北京市,北京市,西城区,北京市西城区旧鼓楼大街80号旁门,116.387747,39.943434,1,[DU°日料精酿餐吧]198元抢精致日料双人餐,198.0
6905497853188114432,黑崎居酒屋,2,13306170.0,11701,美食;日韩料理;日料,9750,1231402.0,1124.0,147,北京市,北京市,朝阳区,北京市朝阳区霄云路15-57号,116.459833,39.959714,1,【坐标霄云路】299抢价值1442黑崎居酒屋日料套餐！带榻榻米私密性超棒包间，非常适合姐妹小聚、情侣约会哦~,299.0
6909579462275237900,品匯和牛精致料理店,3,10345381.0,10303,美食;日料;日式烤肉,11950,1833694.0,647.0,578,北京市,北京市,西城区,北京市西城区阜成门外大街甲9号国宾酒店1层,116.343701,39.922494,1,[品匯和牛]299元抢1540元超值限定双人餐,299.0
6836107537989863431,多佐铁板烧(富力广场店),4,8328505.0,10304,美食;日料;日式铁板烧,24602,2943415.0,1236.0,299,北京市,北京市,朝阳区,北京市朝阳区东三环中路65号富力广场11层,116.454651,39.894607,1,278抢价值328元的多佐铁板烧晚市单人餐！一百多道菜随便点随便吃，北京TOP5法式鹅肝，还有牛排、羊排、鲍鱼、刺身…坐标富力广场11层,278.0
6778675766596044800,空海,5,5589700.0,11701,美食;日韩料理;日料,5588,470960.0,1354.0,290,北京市,北京市,朝阳区,北京市朝阳区新源里西一号空海(都市丽人理发店旁边),116.441737,39.949487,1,[Bistro空海]198元抢精品双人餐,198.0
6601180279392438275,北京金隅喜来登大酒店雅·日本餐厅,6,3805824.0,11701,美食;日韩料理;日料,2134,718950.0,797.0,265,北京市,北京市,东城区,北京市东城区北京金隅喜来登大酒店2层,116.402519,39.966014,1,【2.2折・五星酒店级・北三环东路】366元抢价值1688元北京金隅喜来登大酒店雅•日本餐厅双人套餐，日式牛肉寿喜烧火锅、刺身三文鱼、火焰海螺等二十多种菜品！,366.0
6727835175738279947,昱匠·日式烧肉专门店(丰铭国际大厦店),7,3322175.0,10303,美食;日料;日式烤肉,2773,563017.0,920.0,245,北京市,北京市,西城区,北京市西城区丰盛胡同丰铭大厦B座102,116.362287,39.916953,1,【3.2折坐标西单周末通用】358起抢最高价值1110元的昱匠日式烧肉双人餐，品尝浓郁日式风味，还有和服小姐姐哦~,358.0
6931537953751566351,丞田日式烧肉放题(望京店),8,2948655.0,10303,美食;日料;日式烤肉,12276,2230934.0,385.0,150,北京市,北京市,朝阳区,北京市朝阳区利泽西园209号楼1层115室,116.455842,40.00766,1,双人自助套餐A,276.0
6601140136371554317,多佐多国精致料理,9,2138851.0,11701,美食;日韩料理;日料,14081,3792892.0,1244.0,430,北京市,北京市,朝阳区,北京市朝阳区东三环中路65号富力广场商用物业9层,116.45443,39.8947,1,尊享午/晚自助餐,278.0
6601139357875210243,将太无二(凯德MALL店),10,1393042.0,11701,美食;日韩料理;日料,1543,275450.0,638.0,148,北京市,北京市,西城区,北京市西城区西直门外大街1号凯德MALL西区六层01号,116.346766,39.9402,1,【五一专享】五月暖春双人餐,299.0
6808997012411893763,光赐家居酒屋,11,1327018.0,11701,美食;日韩料理;日料,7195,2034320.0,1619.0,157,北京市,北京市,朝阳区,北京市朝阳区南三里屯路与白家庄路交叉路口南侧(泰悦豪庭西侧),116.44941,39.926675,1,豪华甄选4人餐，提供免费WiFi,378.0
6601136416476891149,将太无二(领展购物广场中关村店),12,1287533.0,11701,美食;日韩料理;日料,764,301752.0,343.0,142,北京市,北京市,海淀区,北京市海淀区中关村丹棱街甲1号欧美汇购物中心5层,116.308113,39.978342,1,【五一专享】五月暖春双人餐,299.0
6738862587108231180,姜木家料理晚亭,13,1280185.0,11701,美食;日韩料理;日料,5100,1469980.0,1414.0,373,北京市,北京市,朝阳区,北京市朝阳区东三环中路39号院建外SOHO西区十号楼东侧底商,116.449245,39.903537,1,月夜姬,1280.0
6601139179294296078,韵料理(学院路店),14,1160800.0,11701,美食;日韩料理;日料,1828,273407.0,297.0,193,北京市,北京市,海淀区,北京市海淀区学清路甲18号1层C门,116.346863,40.008253,1,单人日料自助套餐A,188.0
6601141376295897095,玛雅铁板烧餐厅(合生汇购物中心店),15,1117018.0,10304,美食;日料;日式铁板烧,2962,412448.0,1043.0,138,北京市,北京市,朝阳区,北京市朝阳区西大望路21号合生汇F5,116.472365,39.892468,1,招牌人气双人餐,318.0
6601142432291637262,神户赤童日式烤肉,16,1089042.0,10303,美食;日料;日式烤肉,15049,23803358.0,1335.0,142,北京市,北京市,朝阳区,北京市朝阳区建国路91号金地中心C座3层L309,116.469105,39.908066,1,赤童晚餐烤肉自助,188.0
6672593710775109643,九澜龙珠二段丼,17,1063331.0,10306,美食;日料;其他日料,25205,10098896.0,1600.0,100,北京市,北京市,朝阳区,北京市朝阳区工人体育场北路8号院三里屯SOHO2号商场1层2118,116.448285,39.931038,1,[龙珠二段丼]159元抢426元双人套餐,159.0
6696392513365821443,将太无二(金地广场店),18,851017.0,10306,美食;日料;其他日料,406,289616.0,1347.0,146,北京市,北京市,朝阳区,北京市朝阳区建国路91号金地广场F3层L316-L318,116.468437,39.907768,1,【五一专享】五月暖春双人餐,299.0
6908095942667274240,肉問屋·元气一番烧肉(颐堤港店),19,828122.0,10303,美食;日料;日式烤肉,23351,2201952.0,630.0,0,北京市,北京市,朝阳区,北京市朝阳区酒仙桥路18号颐堤港L3-50号,116.485765,39.96836,1,80抵100元优惠券并送牛米蔬菜拼盘,80.0
6601148946544855053,炉匠居酒屋(双井店),20,792023.0,11701,美食;日韩料理;日料,4053,852696.0,1301.0,136,北京市,北京市,朝阳区,北京市朝阳区双花园南里三区24号楼103底商,116.451979,39.898438,1,五一专享炉匠双人爆款寿喜锅营养套餐,202.0
6725828753286563848,丞田日本料理烧肉(石门店),21,724557.0,10303,美食;日料;日式烤肉,74516,24791486.0,103.0,168,北京市,北京市,顺义区,北京市顺义区顺白路79号,116.634153,40.132619,0,,
6700844766751442958,鳗鱼家居酒屋(上地大厦店),22,642537.0,11701,美食;日韩料理;日料,7535,6474577.0,158.0,131,北京市,北京市,海淀区,北京市海淀区信息路30号二层,116.306068,40.031988,0,,
6894368520281262088,禅虫居酒屋,23,509149.0,11701,美食;日韩料理;日料,7341,585578.0,1475.0,82,北京市,北京市,东城区,北京市东城区东直门内大街277号1幢一层5号,116.410936,39.940113,1,蝉虫豪华双人套餐,158.0
6888618235089012751,无事·炭火烧肉·酒場,24,501975.0,10303,美食;日料;日式烤肉,855,75675.0,1586.0,160,北京市,北京市,朝阳区,北京市朝阳区工体北路4号院80号楼西北角二层,116.450513,39.930498,0,,
6756157415923730435,伊滕野菜村,25,500422.0,10302,美食;日料;日式火锅,5346,1562052.0,110.0,125,北京市,北京市,顺义区,北京市顺义区府前西街10号j9一层大厅,116.643115,40.127994,0,,
6601228000635652109,鳗鳗の爱(朝阳大悦城店),26,482148.0,11701,美食;日韩料理;日料,1063,1114097.0,542.0,82,北京市,北京市,朝阳区,北京市朝阳区朝阳北路101号朝阳大悦城F8,116.511826,39.923416,1,暖暖鳗鱼卤肉饭单人套餐,56.0
6601144520476198925,鸟屯日式居酒屋,27,422975.0,11701,美食;日韩料理;日料,5598,478370.0,1668.0,156,北京市,北京市,朝阳区,北京市朝阳区工体东路甲6号智胜快捷酒店旁,116.444995,39.929665,1,店长推荐新春双人餐,261.0
6637361635025569800,魔王烧肉·和牛专门店,28,342307.0,10303,美食;日料;日式烤肉,30141,210595089.0,1213.0,474,北京市,北京市,朝阳区,北京市朝阳区双井街道百子湾路爱工厂产业园29号,116.470345,39.899401,1,288烤肉超值套餐,288.0
6735072561480222734,米粟米烧肉(乐成中心店),29,330823.0,10303,美食;日料;日式烤肉,30193,15719970.0,1219.0,137,北京市,北京市,朝阳区,北京市朝阳区东三环中路22号楼乐成中心Space3B1-15,116.456556,39.892834,0,,
6921823629550290956,板前十胜·和牛烧肉专门店(五棵松华熙店),30,291063.0,10303,美食;日料;日式烤肉,25340,14789070.0,215.0,510,北京市,北京市,海淀区,北京市海淀区五棵松华熙Live北门一层,116.272502,39.909116,1,50抵100元优惠券并送牛米蔬菜拼盘,50.0
6948930776360601630,晓苏浙餐厅(大悦春风里),1,549329.0,10103,美食;中式餐饮;本帮江浙菜,2167,712042.0,82.0,0,北京市,北京市,大兴区,北京市大兴区黄村东大街与市场路交叉口大悦春风里6层,116.336163,39.729766,1,江南风味四人餐,268.0
6601178753643055117,华盛丰温州大排档,2,292567.0,10103,美食;中式餐饮;本帮江浙菜,6678,11415313.0,790.0,98,北京市,北京市,朝阳区,北京市朝阳区东三环南路13号-3号乐游饭店1层(近潘家园眼镜城),116.454487,39.878716,0,,
6688222870230910989,庭院人家(鸟巢店),3,230118.0,10103,美食;中式餐饮;本帮江浙菜,8897,1533195.0,256.0,222,北京市,北京市,朝阳区,北京市朝阳区亚运村大屯路慧忠里203号,116.396439,40.000753,0,,
6908466204650768392,胖哥俩肉蟹煲(北京悦荟店),4,203786.0,10103,美食;中式餐饮;本帮江浙菜,1912,1312671.0,70.0,93,北京市,北京市,昌平区,北京市昌平区南环路10号院1号楼悦荟万科5层,116.233413,40.210682,0,,
6601184647298680835,竹外桃花·江南小酒馆(SKP·S店),5,121329.0,10103,美食;中式餐饮;本帮江浙菜,637,1262056.0,1240.0,39,北京市,北京市,朝阳区,北京市朝阳区建国路86号SKP南馆B1层1001,116.472784,39.905599,0,,
6610656611549579271,藕遇江南风尚餐厅(京粮广场店),6,107750.0,10103,美食;中式餐饮;本帮江浙菜,30,9094.0,160.0,88,北京市,北京市,海淀区,北京市海淀区田村路43号京粮广场2层,116.247982,39.929725,1,工作日超值双人餐（请看使用须知哈）,86.0
6663977140511361032,新荣记(新源南路店),7,93600.0,10103,美食;中式餐饮;本帮江浙菜,20322,128269458.0,1309.0,1017,北京市,北京市,朝阳区,北京市朝阳区新源南路8号院启皓北京东塔1层101,116.450612,39.94651,0,,
6753596968548763651,庭院人家(朝阳大悦城定福庄店),8,88080.0,10103,美食;中式餐饮;本帮江浙菜,4672,1071303.0,254.0,166,北京市,北京市,朝阳区,北京市朝阳区三间房西路2号院4号楼1层4-1,116.561595,39.92008,1,四人自选套餐,398.0
6601146912634570760,千岛湖鱼味馆,9,70667.0,10103,美食;中式餐饮;本帮江浙菜,17,47853.0,828.0,158,北京市,北京市,朝阳区,北京市朝阳区北土城东路元大都城垣遗址公园内大都酒吧街西3号,116.420297,39.975399,1,超值双人鱼头体验套餐（红包可享）,218.0
6601139752064256013,大觉寺绍兴菜馆,10,54974.0,10103,美食;中式餐饮;本帮江浙菜,568,49881.0,2.0,119,北京市,北京市,海淀区,北京市海淀区大觉寺路9号大觉寺内,116.100338,40.051508,0,,
6601135199277287428,蓝帕国际酒店,11,41776.0,10103,美食;中式餐饮;本帮江浙菜,16,1254226.0,35.0,285,北京市,北京市,平谷区,北京市平谷区迎宾路1号,117.088204,40.147845,0,,
6601141410873739272,屋里厢上海菜馆(盈科店),12,37859.0,10103,美食;中式餐饮;本帮江浙菜,3649,47909100.0,1543.0,385,北京市,北京市,朝阳区,北京市朝阳区工人体育场北路甲2号盈科中心南侧一层底商(君汇雅居北门对面),116.453323,39.930804,0,,
6601177387872815118,金山城·湖畔人家,13,34093.0,10103,美食;中式餐饮;本帮江浙菜,7600,7886827.0,1080.0,144,北京市,北京市,朝阳区,北京市朝阳区霄云路15号霄云街15-1号,116.46136,39.960199,0,,
6601139860885473287,九朝会(望京店),14,33886.0,10103,美食;中式餐饮;本帮江浙菜,897,532307.0,639.0,310,北京市,北京市,朝阳区,北京市朝阳区北四环东路39-1号,116.449735,39.981408,0,,
6739458681030576140,江南赋大酒店(大兴店),15,31226.0,10103,美食;中式餐饮;本帮江浙菜,71,804563.0,105.0,201,北京市,北京市,大兴区,北京市大兴区广茂大街38号,116.342464,39.760866,0,,
6601126174607280141,绿茶餐厅(朝阳大悦城店),16,30441.0,10103,美食;中式餐饮;本帮江浙菜,10521,322500143.0,523.0,70,北京市,北京市,朝阳区,北京市朝阳区朝阳北路101号朝阳大悦城8楼(近呷哺呷哺),116.512523,39.923856,0,,
6601147441003628548,苏畅园(江苏饭店),17,28236.0,10103,美食;中式餐饮;本帮江浙菜,852,233051.0,794.0,126,北京市,北京市,朝阳区,北京市朝阳区安外大街甘水桥1号江苏饭店一层,116.40105,39.964075,0,,
6715694114857306116,西王路饭店,18,27677.0,10103,美食;中式餐饮;本帮江浙菜,1,92457.0,3.0,61,北京市,北京市,顺义区,北京市顺义区高丽营镇西王路饭店,116.492681,40.149361,0,,
6601128195708160003,夜上海(长安大戏院店),19,27121.0,10103,美食;中式餐饮;本帮江浙菜,21,255571.0,1678.0,140,北京市,北京市,东城区,北京市东城区建国门内大街7号光华长安大厦2层东侧,116.424068,39.908144,0,,
6601142979375663111,石门饭店,20,26461.0,10103,美食;中式餐饮;本帮江浙菜,7,738182.0,6.0,0,北京市,北京市,房山区,北京市房山区十渡镇十二度十大路西石门村村口,115.544371,39.637494,0,,
6601127443409405955,外婆家(王府井APM店),21,24062.0,10103,美食;中式餐饮;本帮江浙菜,693,1700466.0,1513.0,64,北京市,北京市,东城区,北京市东城区王府井大街138号北京apmF6,116.405927,39.913716,0,,
6601142628341778436,蛮横肉蟹煲(悦荟·万科购物中心),22,23408.0,10103,美食;中式餐饮;本帮江浙菜,325,161339.0,70.0,92,北京市,北京市,昌平区,北京市昌平区南环路10号院1号楼悦荟万科广场6层,116.233574,40.210786,1,蛮横鸡爪煲双人餐,181.0
6601140557999769607,味道花园(中核路店),23,21953.0,10103,美食;中式餐饮;本帮江浙菜,13,488219.0,100.0,123,北京市,北京市,丰台区,北京市丰台区科学城中核路18号,116.273308,39.827759,0,,
6857392476999747584,缦府宴,24,21177.0,10103,美食;中式餐饮;本帮江浙菜,154,17801.0,949.0,950,北京市,北京市,朝阳区,北京市朝阳区宵云路8号院内5号楼西北侧,116.467376,39.963723,0,,
6601145946799605764,团圆假日饭店,25,20340.0,10103,美食;中式餐饮;本帮江浙菜,57,116367.0,67.0,345,北京市,北京市,怀柔区,北京市怀柔区青春路45号,116.623575,40.329794,0,,
6908838236118845455,北京金陵饭店,26,18171.0,10103,美食;中式餐饮;本帮江浙菜,5,73021.0,554.0,0,北京市,北京市,朝阳区,北京市朝阳区京密路101号人济大厦,116.469641,39.977692,0,,
6601146758707808270,上海老饭店北京分店,27,18153.0,10103,美食;中式餐饮;本帮江浙菜,1716,383400.0,897.0,177,北京市,北京市,西城区,北京市西城区阜成门内大街甲91号,116.363717,39.922779,0,,
6601129778609129476,万开中心,28,16746.0,10103,美食;中式餐饮;本帮江浙菜,4,229612.0,197.0,0,北京市,北京市,丰台区,北京市丰台区万丰路316号,116.287532,39.87365,0,,
6601141352346421255,中银酒店,29,16355.0,10103,美食;中式餐饮;本帮江浙菜,5,214419.0,34.0,446,北京市,北京市,延庆区,北京市延庆区庆园街12号,115.974407,40.470104,0,,
6601148345069078532,同春园饭庄,30,16184.0,10103,美食;中式餐饮;本帮江浙菜,152,711586.0,713.0,162,北京市,北京市,西城区,北京市西城区新街口外大街甲14号十月大厦,116.365334,39.957472,0,,
6601191612443789320,湘味淳,1,1418623.0,10109,美食;中式餐饮;湘菜,14265,2490541.0,210.0,71,北京市,北京市,丰台区,北京市丰台区靛厂路千禧购物中心D座,116.280572,39.888611,0,,
6668934406973048843,湘味淳,2,431398.0,10109,美食;中式餐饮;湘菜,17682,2979042.0,155.0,102,北京市,北京市,石景山区,北京市石景山区鲁谷路6号(瑞达公司东侧),116.24027,39.901978,0,,
6601160247283288071,雁舍(光华路店),3,206832.0,10109,美食;中式餐饮;湘菜,879,135533.0,1358.0,115,北京市,北京市,朝阳区,北京市朝阳区光华路4号东方梅地亚中心A座,116.467002,39.912021,0,,
6889135847619201024,隐厨·中国菜馆(望京店),4,195521.0,10109,美食;中式餐饮;湘菜,14390,1507244.0,422.0,183,北京市,北京市,朝阳区,北京市朝阳区望京街9号商业楼1层,116.477846,39.989456,0,,
6601261526844180484,马凯餐厅,5,176301.0,10109,美食;中式餐饮;湘菜,2891,2107634.0,1172.0,130,北京市,北京市,西城区,北京市西城区地安门外大街29号(什刹海地铁站A2出口北行20米),116.389522,39.937205,0,,
6601141282393819150,天泰宾馆,6,134562.0,10109,美食;中式餐饮;湘菜,377,1042592.0,545.0,1813,北京市,北京市,西城区,北京市西城区南礼士路头条1号,116.344946,39.908607,0,,
6720519226571933708,湘汇饭庄,7,131995.0,10109,美食;中式餐饮;湘菜,23,26611.0,57.0,0,北京市,北京市,密云区,北京市密云区行宫街26-12,116.856837,40.391232,0,,
6899004756493076480,湘菜根,8,122523.0,10109,美食;中式餐饮;湘菜,62,297092.0,63.0,0,北京市,北京市,丰台区,北京市丰台区王左镇庄户村甲2号,116.13769,39.770475,0,,
6601143759499429895,湖南大厦,9,101791.0,10109,美食;中式餐饮;湘菜,285,1409697.0,1617.0,159,北京市,北京市,东城区,北京市东城区北京站街9号(北京火车站西北侧),116.420209,39.905181,0,,
6601136592830597133,潇湘曾府养生园(清河店),10,73927.0,10109,美食;中式餐饮;湘菜,121,726351.0,124.0,225,北京市,北京市,海淀区,北京市海淀区永泰庄北路9号,116.35906,40.03835,0,,
6635474235852589059,潇湘甲鱼村(王佐店),11,67657.0,10109,美食;中式餐饮;湘菜,811,2135110.0,65.0,295,北京市,北京市,丰台区,北京市丰台区良三路庄户村甲1号,116.137053,39.770041,0,,
6601185019497023496,三湘园湘菜馆,12,66100.0,10109,美食;中式餐饮;湘菜,443,671258.0,5.0,58,北京市,北京市,房山区,北京市房山区弘盛路长阳镇葫芦垡村六区21号,116.210046,39.703004,0,,
6601246618169640964,锅们湘情乡味(张仪村店),13,65797.0,10109,美食;中式餐饮;湘菜,133,665679.0,120.0,82,北京市,北京市,丰台区,北京市丰台区张仪村北路99号(锦江之星院内),116.224198,39.881857,0,,
6601142683031308296,酷湘·江南庭院餐厅·正统湘菜(国贸店),14,65241.0,10109,美食;中式餐饮;湘菜,25775,15896665.0,1226.0,140,北京市,北京市,朝阳区,北京市朝阳区百子湾路29-31号附近,116.469637,39.899474,0,,
6906238627060123651,老酒馆(怀柔店),15,65133.0,10109,美食;中式餐饮;湘菜,204,61077.0,64.0,0,北京市,北京市,怀柔区,北京市怀柔区青春路54-6号,116.630327,40.331056,0,,
6906240494192297995,潇湘府苏州街店,16,53496.0,10109,美食;中式餐饮;湘菜,8,173590.0,302.0,130,北京市,北京市,海淀区,北京市海淀区苏州街49号,116.298862,39.972184,0,,
6872703727657142275,乐趣坊嘉肴·烤鸭·川湘菜,17,41590.0,10109,美食;中式餐饮;湘菜,6,18868.0,153.0,101,北京市,北京市,海淀区,北京市海淀区上地信息路19号实创商服中心1层,116.305771,40.029126,1,乐趣坊烤鸭精致双人餐,199.0
6893633259310155790,言味潇湘湖南菜(和平里店),18,34506.0,10109,美食;中式餐饮;湘菜,1182,895896.0,1324.0,87,北京市,北京市,东城区,北京市东城区和平里东街11号(美廉美对面小区内),116.418078,39.950272,0,,
6601139801582225416,湘肠香火锅店(团结湖店),19,34296.0,10109,美食;中式餐饮;湘菜,1676,4992666.0,1422.0,89,北京市,北京市,朝阳区,北京市朝阳区姚家园路团结湖东里甲3-1号(妇幼保健医院街对面西侧),116.463996,39.928699,0,,
6706320886720382983,昌平,20,32981.0,10109,美食;中式餐饮;湘菜,48,6951819.0,67.0,0,北京市,北京市,昌平区,北京市昌平区北环路21号,116.244609,40.22259,0,,
6601142166511159299,湘味工厂,21,32323.0,10109,美食;中式餐饮;湘菜,7,226041.0,62.0,65,北京市,北京市,房山区,北京市房山区拱辰街道政通路2号院-4,116.141003,39.745781,0,,
6601138099395233795,潇湘府(望京店),22,30164.0,10109,美食;中式餐饮;湘菜,67,2317202.0,372.0,134,北京市,北京市,朝阳区,北京市朝阳区望京北路51号院1号,116.452789,40.009967,0,,
6762839054141753348,柠檬树音乐餐吧酒吧,23,28245.0,10109,美食;中式餐饮;湘菜,4,62704.0,38.0,0,北京市,北京市,朝阳区,北京市朝阳区黄厂南里富力又一城c区底商c-06,116.554269,39.845675,0,,
6601140730528286723,潇湘甲鱼村(靛厂村店),24,28158.0,10109,美食;中式餐饮;湘菜,36,674566.0,205.0,341,北京市,北京市,丰台区,北京市丰台区北京靛厂村131号,116.28085,39.885329,0,,
6896016950825060359,湘遇长安(朝阳门店),25,27944.0,10109,美食;中式餐饮;湘菜,797,137654.0,1657.0,63,北京市,北京市,朝阳区,北京市朝阳区外交部南街8号京华豪园西侧底商,116.430353,39.916764,0,,
6757503350159263758,忆湘情院,26,26665.0,10109,美食;中式餐饮;湘菜,25,287594.0,30.0,0,北京市,北京市,延庆区,北京市延庆区下水磨村108号七中对面,115.953908,40.46398,0,,
6601156715545102344,口口湘家常菜(双桥店),27,26657.0,10109,美食;中式餐饮;湘菜,4,326316.0,216.0,82,北京市,北京市,朝阳区,北京市朝阳区双柳北街39号天籁轩B座1层(北京银行旁),116.561008,39.904422,0,,
6862852413611689997,老长沙大食堂,28,25914.0,10109,美食;中式餐饮;湘菜,27687,7715812.0,1572.0,73,北京市,北京市,朝阳区,北京市朝阳区三里屯南路通盈中心B1-5,116.448824,39.930399,0,,
6601175490130610180,春雨轩湘菜馆(珠江帝景店),29,24912.0,10109,美食;中式餐饮;湘菜,3,23419.0,795.0,106,北京市,北京市,朝阳区,北京市朝阳区西大望路甲28号珠江帝景B区,116.472344,39.887603,1,328元4-5人餐,328.0
6601187284840613902,柴米油盐菜馆,30,23421.0,10109,美食;中式餐饮;湘菜,8,467547.0,79.0,47,北京市,北京市,顺义区,北京市顺义区南法信府前街7号,116.602213,40.133542,0,,
6601149648012838925,宽板凳老灶火锅(大兴黄村店),1,9317668.0,11602,美食;热门/特色菜;火锅,1380,610028.0,88.0,102,北京市,北京市,大兴区,北京市大兴区黄村富强路2号,116.334306,39.736163,1,99抢宽板凳老灶火锅价值244元双人火锅套餐！！亚运村、望京花家地、大兴黄村3家店通用，经典重庆老火锅味道，带你一秒穿越到重庆......,99.0
6868866065968023563,k泰星空帐篷餐厅(望京店),2,8689451.0,11602,美食;热门/特色菜;火锅,69394,10657486.0,431.0,263,北京市,北京市,朝阳区,北京市朝阳区望京街9号E座3层k泰,116.478287,39.988633,1,富可帝国2~3人餐,598.0
6870773707514628103,张老哥花椒鱼火锅,3,5985933.0,11602,美食;热门/特色菜;火锅,18281,7046066.0,1581.0,98,北京市,北京市,朝阳区,北京市朝阳区三里屯南路通盈中心B1-10,116.448927,39.930738,1,张老哥花椒鱼2人餐,128.0
6846362569029011471,小街猪手云南火锅,4,5231160.0,11602,美食;热门/特色菜;火锅,31807,12065812.0,1485.0,109,北京市,北京市,朝阳区,北京市朝阳区团结湖路9号楼1幢1-1部分,116.460356,39.929264,0,,
6872290674637572096,麻门匠骨秘制羊棒骨(望京店),5,5196095.0,11602,美食;热门/特色菜;火锅,19290,21613989.0,415.0,105,北京市,北京市,朝阳区,"北京市朝阳区阜通西大街望京西园四区416号楼1层街边底商(稻香村糕点东侧,交通银行西侧)",116.466873,39.994384,1,牛轰轰2人套餐【红包专享】,128.0
6906981601733773326,重八牛府之乐不思蜀,6,4237192.0,11602,美食;热门/特色菜;火锅,6175,2178609.0,62.0,95,北京市,北京市,房山区,北京市房山区拱辰北大街龙湖北京房山天街,116.134492,39.744176,1,【7店通用】重八牛府代金券,88.0
6821908036416735247,三搭火市井火锅(北京总店),7,4037297.0,11602,美食;热门/特色菜;火锅,22354,6835243.0,517.0,118,北京市,北京市,朝阳区,北京市朝阳区大悦城青年路姚家园113号-13号,116.511527,39.926685,0,,
6867104903072860167,八两肥肠鸡煲火锅(团结湖店),8,3901269.0,10119,美食;中式餐饮;火锅,63111,14531198.0,1520.0,125,北京市,北京市,朝阳区,北京市朝阳区团结湖北路团结湖北头条8号1幢,116.457999,39.931001,0,,
6937040973612451874,草原往事羊肉火锅(芳圆里店),9,3389758.0,11602,美食;热门/特色菜;火锅,6865,2395527.0,792.0,113,北京市,北京市,朝阳区,北京市朝阳区东四环中路189号芳圆里IDMALL购物中心5层5009A-5009B,116.482057,39.889316,1,49抢草原往事羊肉火锅100元代金券，可叠5张，全场通用！正宗内蒙羊肉火锅！,49.0
6880642519277848583,麻门匠骨秘制羊棒骨(常营陆港城店),10,3155745.0,11602,美食;热门/特色菜;火锅,19964,26944170.0,159.0,96,北京市,北京市,朝阳区,北京市朝阳区朝阳北路20号院陆港城一层底商,116.586068,39.92398,1,100元代金券,85.0
6601259627667523598,青瓷火锅(大悦城西单店),11,3048825.0,11602,美食;热门/特色菜;火锅,2303,568327.0,858.0,124,北京市,北京市,西城区,北京市西城区西单北大街131号西单大悦城F7,116.366787,39.909129,1,青瓷火锅优享4人套餐,188.0
6769926442370304011,k泰·星空帐篷餐厅·港式打边炉(三里屯店),12,2793967.0,11602,美食;热门/特色菜;火锅,28336,4803741.0,1586.0,285,北京市,北京市,朝阳区,北京市朝阳区白家庄西里甲26号3幢02层03号,116.451178,39.927209,1,富可敌国2~3人餐,598.0
6886585205973436430,呼伦艾勒草原火锅,13,2607352.0,11602,美食;热门/特色菜;火锅,28927,20107872.0,588.0,152,北京市,北京市,朝阳区,北京市朝阳区弘善家园212号101底商,116.446425,39.866611,1,草原双人肉食拼盘,217.0
6601182766123976707,通玉顺饭庄(总店),14,2497326.0,10119,美食;中式餐饮;火锅,11065,2012825.0,122.0,29,北京市,北京市,通州区,北京市通州区玉桥中路北口2号,116.671074,39.898367,0,,
6754114856636532747,王恨羊羊棒骨,15,2403351.0,11602,美食;热门/特色菜;火锅,10038,1124269.0,192.0,107,北京市,北京市,丰台区,北京市丰台区马家堡东路121号院7号楼1层7-15(内侧底商),116.378408,39.837856,0,,
6601137612818221063,宽板凳老灶火锅(台湾街店),16,2271552.0,11602,美食;热门/特色菜;火锅,688,236640.0,144.0,119,北京市,北京市,石景山区,北京市石景山区鲁谷路台湾街2号(雕塑公园南门),116.232783,39.902988,1,宽板凳老灶火锅2-3人餐,128.0
6766499291507738628,扑贝卜卜贝,17,2233657.0,11602,美食;热门/特色菜;火锅,7894,1177087.0,1681.0,93,北京市,北京市,朝阳区,北京市朝阳区朝阳门外大街26号朝外MEN大厦A座,116.435412,39.920915,1,[扑贝卜卜贝]299元抢752元四人B套餐,299.0
6692250350356826124,花火火锅,18,2012223.0,10119,美食;中式餐饮;火锅,23811,10357112.0,1320.0,142,北京市,北京市,东城区,北京市东城区鼓楼东大街206号B座2层,116.392962,39.938935,1,花火牛转乾坤双人套餐,218.0
6636021918291986446,k泰星空帐篷餐厅(百子湾店),19,1981394.0,10119,美食;中式餐饮;火锅,43604,43559107.0,1225.0,211,北京市,北京市,朝阳区,北京市朝阳区百子湾路29号(百子湾路与西大望路交叉口往西三百米路北),116.468526,39.899415,1,富可敌国2~3人餐,598.0
6601132745458452493,满恒记牛街清真小吃,20,1756699.0,11602,美食;热门/特色菜;火锅,82572,61826398.0,840.0,110,北京市,北京市,西城区,北京市西城区平安里西大街14号,116.361542,39.93073,0,,
6703303770371147789,集渔·泰式海鲜火锅(北京总店),21,1712405.0,10119,美食;中式餐饮;火锅,84410,28924402.0,1597.0,159,北京市,北京市,朝阳区,北京市朝阳区光华路九号世贸天阶北街二层2层,116.445174,39.915591,1,集渔耀享单人自助,188.0
6887405209006491663,三搭火市井火锅(望京店),22,1620188.0,11602,美食;热门/特色菜;火锅,6607,1514682.0,370.0,103,北京市,北京市,朝阳区,北京市朝阳区利泽西园314号楼1层101内102室,116.457052,40.008091,0,,
6615167918369933316,海底捞火锅(望京新世界店),23,1614671.0,11602,美食;热门/特色菜;火锅,19218,11385683.0,488.0,140,北京市,北京市,朝阳区,北京市朝阳区广顺南大街16号院新世界百货4楼,116.473458,39.985957,0,,
6734649806968473612,麻门匠骨秘制羊棒骨(银座和谐广场店),24,1590148.0,11602,美食;热门/特色菜;火锅,29196,24681148.0,215.0,109,北京市,北京市,丰台区,北京市丰台区万丰路68号银座和谐广场F6,116.290879,39.881024,1,牛轰轰2人套餐,128.0
6838495499314579456,麻门匠骨秘制羊棒骨(通州果园总店),25,1542819.0,11602,美食;热门/特色菜;火锅,18135,19305828.0,165.0,100,北京市,北京市,通州区,北京市通州区怡乐中路李老社区商业中心1层1022号,116.629869,39.889293,0,,
6896967474382637060,京粹轩涮肉坊,26,1400392.0,11602,美食;热门/特色菜;火锅,6445,1871618.0,1666.0,117,北京市,北京市,朝阳区,北京市朝阳区-吉祥里209号楼京粹轩涮肉坊,116.436455,39.922913,1,尊享超值四人餐,399.0
6601193081637177351,福满福铜锅涮肉,27,1375367.0,11602,美食;热门/特色菜;火锅,11123,1512966.0,1516.0,90,北京市,北京市,东城区,北京市东城区东四北大街157号(近张自忠路地铁、在东四十三条胡同斜对面),116.410594,39.935219,0,,
6759110727841220620,蜀教主卤味火锅(双井旗舰店),28,1356643.0,11602,美食;热门/特色菜;火锅,40105,13813096.0,1054.0,129,北京市,北京市,朝阳区,北京市朝阳区广渠路36号院6号楼,116.462631,39.889891,1,牛转乾坤有料锅底3选1,37.0
6911803716806903808,京城大脑袋涮肉,29,1277129.0,11602,美食;热门/特色菜;火锅,5342,2384254.0,345.0,102,北京市,北京市,海淀区,北京市海淀区羊坊店街道北蜂窝路105号大脑袋涮肉,116.317427,39.897276,0,,
6873335232645318667,汤品皇·花胶鸡火锅,30,1217196.0,10119,美食;中式餐饮;火锅,14182,2679672.0,1686.0,122,北京市,北京市,朝阳区,北京市朝阳区三丰北里朝外大街22号悠唐购物中心5层,116.432955,39.920038,1,198双人优惠套餐,198.0
6601130198442199044,静香斋餐厅,1,8135013.0,10116,美食;中式餐饮;烧烤,257652,183893358.0,1032.0,67,北京市,北京市,朝阳区,北京市朝阳区八里庄北里晨光家园323号楼,116.496237,39.924119,0,,
6909579941164091406,通海俄式烧烤(霄云路旗舰店),2,4406630.0,10116,美食;中式餐饮;烧烤,24460,1792940.0,1086.0,115,北京市,北京市,朝阳区,北京市朝阳区霄云路15号,116.460513,39.959893,1,钜惠俄式烧烤4人餐,329.0
6860052932117678080,开心一百串,3,3616142.0,10116,美食;中式餐饮;烧烤,25314,3181374.0,1405.0,129,北京市,北京市,东城区,北京市东城区东直门街道东直门外斜街察慈小区11号楼三层,116.433325,39.941098,0,,
6885716093948741645,木垛烧烤海鲜饭,4,3035241.0,10116,美食;中式餐饮;烧烤,29304,7895873.0,1655.0,98,北京市,北京市,朝阳区,北京市朝阳区朝外大街吉祥里209号,116.436313,39.922931,1,木垛精选4人套餐,364.0
6861177819595147271,二番街碳烤羊腿,5,2860101.0,10116,美食;中式餐饮;烧烤,24963,3581441.0,599.0,80,北京市,北京市,朝阳区,北京市朝阳区青年西路国美第一城青年路西里2号院6号楼,116.507089,39.932426,0,,
6601140595815614477,大江铁板豆腐,6,2687210.0,10116,美食;中式餐饮;烧烤,34676,6052659.0,109.0,36,北京市,北京市,丰台区,北京市丰台区张仪村甲22号,116.224546,39.879124,0,,
6873444653429983240,有家串店,7,2287723.0,10116,美食;中式餐饮;烧烤,29752,3279681.0,1437.0,111,北京市,北京市,东城区,北京市东城区东直门内大街207-5号,116.414626,39.939716,1,豪华撸串套餐,268.0
6601190040452220941,永定门电烤串(刘家窑店),8,1799750.0,10116,美食;中式餐饮;烧烤,2801,482585.0,403.0,0,北京市,北京市,丰台区,北京市丰台区南三环中路154号,116.412219,39.855268,1,99.9劲爆双人餐,99.9
6601154748999534595,眼镜小腰(北京总店),9,1688691.0,10116,美食;中式餐饮;烧烤,11906,3617707.0,482.0,99,北京市,北京市,朝阳区,北京市朝阳区广顺南大街悠乐汇A区610号楼1层,116.470505,39.987737,1,十三香小龙虾,198.0
6826870287770994688,伍国户外烧烤基地(开心农场店),10,1626485.0,10116,美食;中式餐饮;烧烤,18263,10813542.0,24.0,82,北京市,北京市,顺义区,北京市顺义区西马各庄红绿灯路西,116.543792,40.125817,0,,
6899561987173255168,爱艺人烤羊排·烤全羊(双井店),11,1375713.0,10116,美食;中式餐饮;烧烤,9117,850705.0,1093.0,108,北京市,北京市,朝阳区,北京市朝阳区东三环南路与垂杨柳北一街交叉路口往东南约150米(百环家园西侧),116.45656,39.889439,1,3-4人新春聚会羊排套餐,298.0
6935162207638538279,京兄京弟拔头份电烤串(十里河店),12,1359686.0,10116,美食;中式餐饮;烧烤,5505,2695353.0,576.0,0,北京市,北京市,朝阳区,北京市朝阳区十八里店乡十里河村左安东路圣翔达东侧793C区甲11号-4层拔头份电烤串,116.447103,39.865991,0,,
6627016983562946573,正宗老黑板筋(创始店),13,1303221.0,10116,美食;中式餐饮;烧烤,17459,55204023.0,106.0,104,北京市,北京市,顺义区,北京市顺义区仁和镇府前西街6号,116.643419,40.127776,0,,
6875430767665711117,地摊烤羊肉串,14,1031584.0,10116,美食;中式餐饮;烧烤,4102,643681.0,124.0,71,北京市,北京市,大兴区,北京市大兴区小红门路36号,116.448448,39.816915,0,,
6845020344856758280,鼎味轩,15,965128.0,10116,美食;中式餐饮;烧烤,3823,531626.0,78.0,0,北京市,北京市,顺义区,北京市顺义区南彩镇顺平辅路4号,116.697685,40.131785,0,,
6864368004105373708,京兄京弟老北京电烤串(陶然亭店),16,854372.0,10116,美食;中式餐饮;烧烤,3465,390887.0,550.0,45,北京市,北京市,西城区,北京市西城区陶然亭路12-3号附近,116.372741,39.877252,0,,
6601141858502445070,腰约烤羊腰(石佛营店),17,830751.0,10116,美食;中式餐饮;烧烤,12069,91921468.0,1055.0,113,北京市,北京市,朝阳区,北京市朝阳区八里庄北里129号院8号楼1-2层111,116.495287,39.927232,1,腰约网红双人餐,80.0
6691497668943906827,玫瑰红烤羊排(常营店),18,787402.0,10116,美食;中式餐饮;烧烤,64488,21975401.0,159.0,90,北京市,北京市,朝阳区,北京市朝阳区朝阳北路20号3号楼陆港城西区2层208室,116.586552,39.923945,1,新春必点4人餐的副本,288.0
6601177530730825741,大炙汇·烧烤(黄村西大街店),19,781406.0,10116,美食;中式餐饮;烧烤,55,119842.0,89.0,92,北京市,北京市,大兴区,北京市大兴区黄村西大街78号,116.321812,39.730099,0,,
6601143556461561859,黄土城烧烤店,20,693052.0,10116,美食;中式餐饮;烧烤,27895,6062511.0,403.0,106,北京市,北京市,朝阳区,北京市朝阳区广顺北大街南湖东园122号博泰国际广场2层,116.460767,40.000728,0,,
6601142392349263875,仲美山自助烤肉(五道口圣熙8号店),21,678520.0,10116,美食;中式餐饮;烧烤,2703,773115.0,291.0,76,北京市,北京市,海淀区,"北京市海淀区学清路甲18号(中关村东升科技园一层C107,近林业大学)",116.348116,40.008119,0,,
6739426020476110851,一人一味·自烤羊肉串,22,675002.0,10116,美食;中式餐饮;烧烤,38326,7901123.0,132.0,133,北京市,北京市,大兴区,北京市大兴区小红门路40号,116.447623,39.819654,0,,
6892003365325113344,永定门电烤串(双井店),23,674469.0,10116,美食;中式餐饮;烧烤,685,90440.0,909.0,96,北京市,北京市,朝阳区,北京市朝阳区东三环南路乙52楼1层商服22内3,116.456338,39.885602,1,99.9劲爆双人餐,99.9
6916629486393903117,小猪查理川式烤肉(十里堡云柏店),24,672334.0,10116,美食;中式餐饮;烧烤,7350,2397644.0,999.0,75,北京市,北京市,朝阳区,北京市朝阳区十里堡(鑫底大厦)一幢一层007,116.498256,39.91495,1,单人自助套餐,79.0
6774028463218198542,主烤官北京话事人,25,650884.0,10116,美食;中式餐饮;烧烤,13669,13294483.0,1343.0,117,北京市,北京市,朝阳区,北京市朝阳区水碓子东里22号,116.46954,39.922136,1,优惠套餐,108.0
6839902815062591488,冰城老太太烧烤(双井店),26,618076.0,10116,美食;中式餐饮;烧烤,10004,2428156.0,1250.0,155,北京市,北京市,朝阳区,北京市朝阳区东三环南路22号,116.455873,39.897616,1,89元代100元代金券,89.0
6847896559275837454,天台串吧,27,593544.0,10116,美食;中式餐饮;烧烤,5771,12921.0,1443.0,130,北京市,北京市,东城区,北京市东城区交道口南大街29号便民生鲜超市2-3楼,116.402041,39.937716,0,,
6610336561605117960,今天假日音乐餐吧,28,585526.0,10116,美食;中式餐饮;烧烤,1687,564628.0,177.0,88,北京市,北京市,丰台区,北京市丰台区丰体北路甲2号(丰台体育馆北门),116.274178,39.867039,0,,
6847361076711983118,屯儿里小院烧烤,29,529045.0,10116,美食;中式餐饮;烧烤,17721,2799695.0,1252.0,99,北京市,北京市,朝阳区,北京市朝阳区六里屯南街81号,116.479118,39.929357,1,【来店必抢】回馈新老用户大套餐,268.0
6729197439728846851,小猪查理川式烤肉(物资学院店),30,528515.0,10116,美食;中式餐饮;烧烤,15053,2760528.0,175.0,80,北京市,北京市,通州区,北京市通州区物资学院路83号,116.633611,39.921037,1,单人自助,72.0
6601254783355455502,澳门陈光记烧味饭店(三里屯店),1,6011778.0,10104,美食;中式餐饮;粤菜,98361,11073579.0,1584.0,88,北京市,北京市,朝阳区,北京市朝阳区南三里屯路通盈中心商场B1-6,116.448775,39.930904,1,澳门陈光记双人餐,158.0
6896962398414964751,甲九號茶冰廳(世贸天阶店),2,4803045.0,10104,美食;中式餐饮;粤菜,38582,5865669.0,1575.0,96,北京市,北京市,朝阳区,北京市朝阳区光华路9号世贸天阶B1层B142号,116.446,39.915331,1,招牌烧味甜品双人餐,168.0
6931100441203705860,肥福排档(北京总店),3,4086680.0,10104,美食;中式餐饮;粤菜,15936,3112374.0,553.0,342,北京市,北京市,朝阳区,北京市朝阳区惠新东街4号富盛大厦3座钱柜二层,116.418281,39.985881,1,80抵100元代金券,80.0
6915146868292847629,啫茶茶·茶饭酒屋,4,877002.0,10104,美食;中式餐饮;粤菜,5110,295102.0,1261.0,108,北京市,北京市,朝阳区,北京市朝阳区建国路89号院15号楼1层103(711旁),116.475515,39.910809,1,全天双人温暖套餐,168.0
6774604987528939524,粤小馆(朝阳门南小街店),5,853659.0,10104,美食;中式餐饮;粤菜,13282,831749.0,1628.0,96,北京市,北京市,东城区,北京市东城区朝阳门南小街143号,116.419939,39.918429,0,,
6601136663437510663,北京金隅喜来登大酒店,6,678484.0,10104,美食;中式餐饮;粤菜,437,3164641.0,782.0,1143,北京市,北京市,东城区,北京市东城区北三环东路36号,116.402577,39.965881,1,366元抢价值1688元金隅喜来登雅•日餐厅双人套餐，低至2.2折！日式牛肉寿喜烧火锅、刺身三文鱼、火焰海螺等二十多种菜品！坐标金隅喜来登酒店二层,366.0
6752720975806220296,羊城美食,7,474694.0,10104,美食;中式餐饮;粤菜,20321,4730247.0,1517.0,116,北京市,北京市,东城区,北京市东城区新中街9楼5号,116.435125,39.932903,0,,
6601188113173710852,四眼仔车仔面(三里屯店),8,440221.0,10104,美食;中式餐饮;粤菜,2967,10514661.0,1447.0,70,北京市,北京市,朝阳区,北京市朝阳区三里屯路33号3.3大厦5层5027-29(33大厦5层5027商铺),116.448828,39.935285,1,网红双人餐,98.0
6925911523390933004,粤洱堂,9,327787.0,10104,美食;中式餐饮;粤菜,545,3769759.0,30.0,197,北京市,北京市,顺义区,北京市顺义区安泰大街6号院中粮祥云小镇南区11号楼-202,116.531752,40.085095,1,95元抵100元代金券,95.0
6767243074671314947,食神鱼头佛跳墙(百子湾旗舰店),10,292708.0,10104,美食;中式餐饮;粤菜,6708,1215664.0,914.0,243,北京市,北京市,朝阳区,北京市朝阳区广渠路23号金茂府东区7-10二层(瑞泰口腔医院旁),116.480425,39.8926,0,,
6775707940776200195,水墨食舍(俸伯店),11,267543.0,10104,美食;中式餐饮;粤菜,2012,856540.0,93.0,87,北京市,北京市,顺义区,北京市顺义区左堤路西彩俸小区对面(风帆蓄电池旁),116.692404,40.12736,0,,
6870544385516242944,廣州顺德菜館,12,253848.0,10104,美食;中式餐饮;粤菜,17665,4443880.0,548.0,132,北京市,北京市,海淀区,北京市海淀区花园路2号33号楼一层104,116.362041,39.976381,0,,
6601132552176535559,北京康莱德酒店,13,230783.0,10104,美食;中式餐饮;粤菜,426,17196914.0,1586.0,612,北京市,北京市,朝阳区,北京市朝阳区东三环北路29号,116.454346,39.925846,0,,
6907723102898096128,讨喜烧牛杂档(长楹天街店),14,220222.0,10104,美食;中式餐饮;粤菜,11288,1174196.0,172.0,34,北京市,北京市,朝阳区,北京市朝阳区朝阳北路龙湖长楹天街东区约汇街区b2层,116.594196,39.923731,1,单人头牌牛杂套餐（有主食）,35.0
6888592850183931904,龙凤冰室·春丽&九龙冰室,15,215831.0,10104,美食;中式餐饮;粤菜,34426,4421049.0,1456.0,50,北京市,北京市,朝阳区,北京市朝阳区三里屯路33号3·3大厦西门一层1060号,116.448116,39.935488,0,,
6821875069191538688,粤溪菜馆,16,191141.0,10104,美食;中式餐饮;粤菜,25782,2950603.0,1130.0,142,北京市,北京市,东城区,北京市东城区前门街道西兴隆街53号,116.402002,39.896019,0,,
6601139683231533070,北京华尔顿酒店(原鸿坤国际大酒店),17,180398.0,10104,美食;中式餐饮;粤菜,49,1163461.0,344.0,79,北京市,北京市,丰台区,北京市丰台区广安路1号,116.318883,39.889431,0,,
6899935466179528711,食为天粤菜,18,173045.0,10104,美食;中式餐饮;粤菜,1406,185964.0,1271.0,79,北京市,北京市,朝阳区,北京市朝阳区枣营北里34号楼,116.462794,39.944948,1,[食为天打边炉]181元抢302元B套餐3-4人餐,181.0
6601138411950573581,港丽餐厅(领展购物广场·中关村店),19,118324.0,10104,美食;中式餐饮;粤菜,7464,2003719.0,329.0,115,北京市,北京市,海淀区,北京市海淀区中关村丹棱街甲1号领展购物广场·中关村5楼,116.308148,39.977844,1,【港丽餐厅·三店通用】119抢276双人餐，重磅新品火焰雪山PRO，还有红焖芸豆猪手煲+咖喱杂菜+三杯鸡…,119.0
6601165500456110083,隆记粤菜小馆,20,93008.0,10104,美食;中式餐饮;粤菜,1017,59157.0,94.0,76,北京市,北京市,丰台区,北京市丰台区郭公庄中街20号院9号楼北京方向103底商(9号线郭公庄总站D口),116.294106,39.811432,0,,
6601265366024849421,魏记烧味饭,21,87699.0,10104,美食;中式餐饮;粤菜,351,1346847.0,165.0,35,北京市,北京市,朝阳区,北京市朝阳区常营镇管庄路150号院3号楼1层0105号,116.585197,39.919992,0,,
6601155157373749256,新顺景粤菜馆,22,76829.0,10104,美食;中式餐饮;粤菜,12953,1313814.0,198.0,82,北京市,北京市,丰台区,北京市丰台区镇国寺北街4号院2号楼1楼(星河城夏季星空东门对面),116.356341,39.843832,0,,
6601140708071966723,北京辰茂南粤苑酒店,23,69591.0,10104,美食;中式餐饮;粤菜,16,755285.0,232.0,348,北京市,北京市,丰台区,北京市丰台区南三环西路86号(玉泉营立交桥西南侧),116.33251,39.846626,0,,
6601138217548777480,衡山汇(霄云路店),24,64186.0,10104,美食;中式餐饮;粤菜,374,2320250.0,1142.0,132,北京市,北京市,朝阳区,北京市朝阳区霄云路21号嘉里大通附1楼,116.458684,39.958705,0,,
6911804196098410504,粤食客港式烧腊工厂,25,60800.0,10104,美食;中式餐饮;粤菜,3,83497.0,126.0,0,北京市,北京市,通州区,北京市通州区梨园镇北杨洼小区,116.662451,39.888189,0,,
6601144394550609928,璟泰公馆,26,54936.0,10104,美食;中式餐饮;粤菜,776,28523299.0,204.0,184,北京市,北京市,海淀区,北京市海淀区远大路25号永泰福朋喜来登酒店东侧1、3层,116.274105,39.956392,0,,
6601153186038286349,龙庭酒家(西大望路店),27,50963.0,10104,美食;中式餐饮;粤菜,40,848706.0,802.0,223,北京市,北京市,朝阳区,北京市朝阳区西大望路珠江帝景23号帝景豪庭酒店2楼,116.471708,39.888302,0,,
6601140604430714894,山水S酒店(北京马连道店),28,49949.0,10104,美食;中式餐饮;粤菜,11,388208.0,237.0,565,北京市,北京市,西城区,北京市西城区茶马街8号院4号楼,116.32121,39.878039,0,,
6601131782966347779,金鼎轩南北家乡菜(地坛店),29,47447.0,10104,美食;中式餐饮;粤菜,812,3938324.0,1335.0,81,北京市,北京市,东城区,北京市东城区和平里西街77号(近地坛公园南门),116.409676,39.949603,0,,
6601132105147615245,港丽餐厅(王府井apm店),30,41776.0,10104,美食;中式餐饮;粤菜,3045,519256.0,1485.0,115,北京市,北京市,东城区,北京市东城区王府井大街138号北京apmB区5层507-508,116.406238,39.913833,1,【港丽餐厅·三店通用】119抢276双人餐，重磅新品火焰雪山PRO，还有红焖芸豆猪手煲+咖喱杂菜+三杯鸡…,119.0
6693049493513963527,珍海肴海鲜自助餐厅,1,32658402.0,10501,美食;自助餐;自助餐,120209,31539849.0,595.0,266,北京市,北京市,朝阳区,北京市朝阳区松榆南路36号,116.469199,39.869746,1,1160元节假日四人餐,1160.0
6601126546587518989,北京富力万丽酒店BLD西餐厅,2,11489906.0,10501,美食;自助餐;自助餐,11119,4561847.0,1240.0,201,北京市,北京市,朝阳区,北京市朝阳区东三环中路61号富力万丽酒店4层(近星光大道),116.454536,39.896625,1,北京富力万丽酒店2大1小佛跳墙和牛海鲜烧烤自助餐,399.0
6601135380496386056,朗丽兹西山花园酒店餐厅,3,9669014.0,10501,美食;自助餐;自助餐,47769,8505738.0,20.0,227,北京市,北京市,海淀区,北京市海淀区丰智东路13号(地铁16号线永丰南站B东北口120米),116.243318,40.065497,1,[朗丽兹西山花园酒店]198元抢338元酒店单人自助餐,198.0
6601145833876359176,川骄海鲜自助(亚运村店),4,6684131.0,10501,美食;自助餐;自助餐,41601,21251640.0,242.0,190,北京市,北京市,朝阳区,北京市朝阳区亚运村慧忠北里小区214号2楼(近安立路),116.397753,40.004027,0,,
6891219241802926088,蚝英雄·鲜蚝自助专门店(朝阳门店),5,4116806.0,10501,美食;自助餐;自助餐,107203,33888385.0,1687.0,168,北京市,北京市,朝阳区,北京市朝阳区朝外大街26号 我的食光 2层(西门电梯直达二层蚝英雄),116.435029,39.92042,1,蚝英雄单人通用自助（多店通用）,169.9
6833149207629563911,蚝英雄·鲜蚝自助专门店(合生汇店),6,3324930.0,10501,美食;自助餐;自助餐,28341,6685581.0,1033.0,167,北京市,北京市,朝阳区,北京市朝阳区西大望路甲22号院1号楼商业部分B1层D01/02号,116.474257,39.892977,1,蚝英雄单人通用自助（多店通用）,169.9
6601248148566312963,第六季自助餐厅(王府井店),7,2571419.0,10501,美食;自助餐;自助餐,68484,35234863.0,1428.0,312,北京市,北京市,东城区,北京市东城区东安门大街55号王府世纪,116.401003,39.91436,0,,
6892975728564897806,蚝英雄·鲜蚝自助专门店(回龙观店),8,2558897.0,10501,美食;自助餐;自助餐,25103,6691208.0,81.0,160,北京市,北京市,昌平区,北京市昌平区科星西路43号楼1至2层02,116.352518,40.073019,0,,
6871940909202769934,比尔森自助烤肉,9,2275593.0,10501,美食;自助餐;自助餐,8069,1117580.0,25.0,144,北京市,北京市,大兴区,北京市大兴区华佗路2号L5-09C(天宫院凯德mall5楼),116.313195,39.670531,0,,
6601136788545210375,金岸海鲜自助餐厅(常营华联店),10,1918340.0,10501,美食;自助餐;自助餐,51250,8382128.0,162.0,222,北京市,北京市,朝阳区,北京市朝阳区朝阳北路17号BHG Mall北京华联常营购物中心东区3层,116.592815,39.92526,1,金岸海鲜豪华单人自助餐,228.0
6840728412886206475,蚝英雄·鲜蚝自助专门店(小营店),11,1823008.0,10501,美食;自助餐;自助餐,39736,16754491.0,415.0,171,北京市,北京市,朝阳区,北京市朝阳区小营路11号亚非大厦2层201号(和颐酒店旁),116.416939,39.992447,1,蚝英雄单人通用自助（多店通用）,169.9
6828126358804105216,蚝英雄·鲜蚝自助专门店(苏州街店),12,1581342.0,10501,美食;自助餐;自助餐,54387,24852940.0,294.0,155,北京市,北京市,海淀区,北京市海淀区苏州街18号院-3,116.300411,39.976813,1,蚝英雄单人通用自助（多店通用）,169.9
6910321200421931008,蚝英雄·鲜蚝自助专门店(天键广场店),13,1556042.0,10501,美食;自助餐;自助餐,8218,2231721.0,104.0,171,北京市,北京市,大兴区,北京市大兴区兴盛街189号院东北角天键广场4层401室,116.311556,39.751552,0,,
6601137451459151876,第六季自助餐厅(西三环北路店),14,1320776.0,10501,美食;自助餐;自助餐,57998,25791543.0,321.0,305,北京市,北京市,海淀区,北京市海淀区西三环北路21号久凌大厦北楼2层,116.302878,39.951862,0,,
6902158571547396111,蚝英雄·鲜蚝自助专门店(长楹天街店),15,1106983.0,10501,美食;自助餐;自助餐,6899,2337741.0,166.0,168,北京市,北京市,朝阳区,北京市朝阳区常通路长楹天街东区4楼4层商场(最东侧),116.597584,39.924264,1,蚝英雄单人通用自助（多店通用）,169.9
6601137333989279748,川骄海鲜自助(万豪店),16,962852.0,10501,美食;自助餐;自助餐,5283,12112021.0,1512.0,229,北京市,北京市,东城区,北京市东城区建国门南大街7号(万豪酒店一层),116.428087,39.90292,0,,
6867212223622776840,花满巷自助烤肉,17,959116.0,10501,美食;自助餐;自助餐,41967,18474910.0,53.0,111,北京市,北京市,门头沟区,北京市门头沟区育园路(高家园南侧),116.093653,39.929228,0,,
6601144042375874574,金福源铁板烧,18,952975.0,10501,美食;自助餐;自助餐,5949,1492360.0,884.0,378,北京市,北京市,西城区,北京市西城区阜成门内大街甲92号,116.363418,39.922175,1,豪华单人自助（工作日午餐）,438.0
6601278666963945486,水木锦堂自助铁板烧(方庄时代店),19,857000.0,10501,美食;自助餐;自助餐,12191,1780966.0,560.0,288,北京市,北京市,丰台区,北京市丰台区方庄镇蒲方路芳星园二区6号楼5层,116.429268,39.86414,0,,
6875205479652427780,红星食堂(朝阳门店),20,838809.0,10501,美食;自助餐;自助餐,34992,12618152.0,1654.0,18,北京市,北京市,朝阳区,北京市朝阳区朝外大街19号华普大厦负一层,116.432247,39.923364,0,,
6912238621256845326,农小锅自助旋转小火锅(万达广场店),21,737592.0,10501,美食;自助餐;自助餐,2761,709942.0,141.0,0,北京市,北京市,朝阳区,北京市朝阳区双桥路3号万达广场,116.569976,39.907383,0,,
6859380916050085903,北京JW万豪酒店·亚洲风尚餐厅,22,693392.0,10501,美食;自助餐;自助餐,944,134083.0,1247.0,264,北京市,北京市,朝阳区,北京市朝阳区建国路83号JW万豪酒店1楼,116.475745,39.909246,1,[JW.万豪酒店]188元抢JW万豪酒店自助午餐,188.0
6712624108934285316,初色海鲜自助火锅(朝阳北路店),23,537275.0,10501,美食;自助餐;自助餐,21772,36739568.0,494.0,309,北京市,北京市,朝阳区,北京市朝阳区平房镇朝阳北路雅成一里19号楼世丰国际大厦三楼,116.515237,39.922877,0,,
6681399760571631630,曲水兰亭·单点式海鲜自助餐厅,24,423416.0,10501,美食;自助餐;自助餐,10964,8565567.0,752.0,1040,北京市,北京市,朝阳区,北京市朝阳区惠河南街1071号曲水兰亭度假酒店2层,116.499501,39.903507,0,,
6857337379687041037,蚝英雄·鲜蚝自助专门店(延庆店),25,354149.0,10501,美食;自助餐;自助餐,1160,645997.0,32.0,146,北京市,北京市,延庆区,北京市延庆区妫水北街4号金锣湾H座二层蚝英雄(原铁木真自助城),115.970131,40.460792,1,1米到1.3米儿童套餐,68.0
6601140999131498509,天坛街(崇文门店),26,336063.0,10501,美食;自助餐;自助餐,32579,6100241.0,1224.0,127,北京市,北京市,东城区,"北京市东城区祈年大街8号新世界酒店1层(近地铁2号线,5号线崇文门站)",116.406078,39.897308,0,,
6601143446273001485,大鱼海塘(搜秀店),27,313189.0,10501,美食;自助餐;自助餐,1409,8590.0,1224.0,87,北京市,北京市,东城区,北京市东城区崇文门外大街40号搜秀城7层南侧701,116.413136,39.89517,1,自助烤肉涮肉一体,99.0
6601136728696686600,新侨诺富特饭店·春晓西餐厅,28,300625.0,10501,美食;自助餐;自助餐,2365,314578.0,1428.0,129,北京市,北京市,东城区,北京市东城区崇文门西大街1号新侨诺富特饭店内(酒店内一层左侧),116.410605,39.900282,0,,
6601130929614227460,咖啡CHA自助餐厅(香格里拉饭店),29,293377.0,10501,美食;自助餐;自助餐,3163,475674.0,328.0,436,北京市,北京市,海淀区,北京市海淀区紫竹院路29号北京香格里拉饭店景阁1层,116.30248,39.942954,0,,
6880404908256905219,比格比萨(望京华彩店),30,275541.0,10501,美食;自助餐;自助餐,275,142703.0,338.0,73,北京市,北京市,朝阳区,北京市朝阳区广顺北大街16号院3号楼四层401内D408号,116.462564,40.009594,1,成人自助餐,69.0
6784307102169991176,木头马尾蒙古餐厅,1,224178.0,10112,美食;中式餐饮;西北菜,243,43983.0,371.0,108,北京市,北京市,朝阳区,北京市朝阳区望京SOHO塔1B座2层1215,116.475326,39.995155,1,拔草双人套餐,199.0
6601137834046785549,老阿妈蒙古村(老君堂店),2,221904.0,10112,美食;中式餐饮;西北菜,10760,10129590.0,100.0,92,北京市,北京市,朝阳区,北京市朝阳区十八里店老君堂村518-15号,116.512882,39.83588,0,,
6601133980148303885,秦面轩西安名吃,3,194308.0,10112,美食;中式餐饮;西北菜,1586,235455.0,58.0,26,北京市,北京市,昌平区,北京市昌平区太平庄东一路天通苑东三区56号楼13号,116.430707,40.06899,0,,
6601144257640138760,零贰玖油泼面(春秀路店),4,158434.0,10112,美食;中式餐饮;西北菜,2193,237434.0,1510.0,34,北京市,北京市,朝阳区,北京市朝阳区幸福村中路南,116.437974,39.934982,0,,
6601126310762776584,富力又一城,5,75363.0,10112,美食;中式餐饮;西北菜,11,961320.0,35.0,0,北京市,北京市,朝阳区,北京市朝阳区东五环大鲁店北路黄厂南里,116.560383,39.854923,0,,
6601140194567538696,蒙古大营(朝阳公园店),6,60532.0,10112,美食;中式餐饮;西北菜,1620,8554541.0,1166.0,243,北京市,北京市,朝阳区,北京市朝阳区朝阳公园南路1号1幢,116.48259,39.936074,0,,
6601144518500681732,西贝莜面村(北京亦庄店),7,40388.0,10112,美食;中式餐饮;西北菜,7,458436.0,101.0,102,北京市,北京市,大兴区,北京市大兴区旧宫镇三台山路16号西贝莜面村,116.46632,39.808062,0,,
6737608081682810892,丝路花语之胡姬酒肆,8,27748.0,10112,美食;中式餐饮;西北菜,9053,1548613.0,321.0,77,北京市,北京市,海淀区,北京市海淀区中关村大街15-10号中关村时代广场食宝街一期西门1层R156号,116.307147,39.979513,0,,
6601138965774862343,西贝莜面村(北京望京华联店),9,21040.0,10112,美食;中式餐饮;西北菜,45,6388040.0,502.0,98,北京市,北京市,朝阳区,北京市朝阳区广顺北大街33号凯德MALLF2,116.462664,39.990677,0,,
6601141435594967048,西贝莜面村(北京六里桥店),10,13188.0,10112,美食;中式餐饮;西北菜,92,2629165.0,233.0,99,北京市,北京市,丰台区,北京市丰台区六里桥北里10号,116.298294,39.881216,0,,
6775434543794096140,山西刀削面,11,12240.0,10112,美食;中式餐饮;西北菜,1,8487.0,101.0,18,北京市,北京市,大兴区,北京市大兴区清源西路55号山西刀削面,116.315475,39.742715,0,,
6601127317873903629,北师大西北风味餐厅(三层餐厅),12,8061.0,10112,美食;中式餐饮;西北菜,5,258498.0,681.0,35,北京市,北京市,海淀区,北京市海淀区新街口外大街19号2区30栋2楼,116.356869,39.957314,0,,
6601199412838402061,陕味食族油泼面(大兴店),13,7887.0,10112,美食;中式餐饮;西北菜,17,13739.0,111.0,20,北京市,北京市,大兴区,北京市大兴区金星西路3号院3号楼319室,116.327735,39.763038,1,招牌面与冰峰的碰撞,19.9
6601141391638661124,北京市兰州宾馆餐厅,14,6931.0,10112,美食;中式餐饮;西北菜,210,156401.0,639.0,68,北京市,北京市,海淀区,北京市海淀区西直门北大街58号金晖嘉园5号楼,116.352192,39.945115,0,,
6601139175431342094,西安小吃食府,15,6871.0,10112,美食;中式餐饮;西北菜,1,35899.0,836.0,117,北京市,北京市,西城区,北京市西城区北京新街口正觉胡同13号,116.36802,39.938586,0,,
6601176653555042311,西北汉子(京旺店),16,6739.0,10112,美食;中式餐饮;西北菜,36259,18887998.0,143.0,0,北京市,北京市,朝阳区,北京市朝阳区北皋崔各庄京旺家园4区1-8,116.523504,40.009358,0,,
6749159474390484999,净悟真私宅烤全羊,17,6026.0,10112,美食;中式餐饮;西北菜,5,29380.0,42.0,186,北京市,北京市,朝阳区,北京市朝阳区豆各庄东村文化产业园,116.565549,39.870109,0,,
6717907387015088139,西安小厨(传媒大学店),18,6001.0,10112,美食;中式餐饮;西北菜,0,5689.0,300.0,29,北京市,北京市,朝阳区,北京市朝阳区高碑店镇北花园388号华汇大厦1层A008室,116.545545,39.908573,1,臊子面,15.9
6832695858975279119,烟雨东篱,19,5404.0,10112,美食;中式餐饮;西北菜,1,39031.0,3.0,78,北京市,北京市,昌平区,北京市昌平区兴寿镇辛庄村295号,116.43009,40.223031,0,,
6851724812373510159,杏花堂(五棵松店),20,4571.0,10112,美食;中式餐饮;西北菜,1870,4372522.0,206.0,155,北京市,北京市,海淀区,北京市海淀区复兴路华熙写字楼B座69号院11号2层202室,116.276855,39.911337,0,,
6601142731672651779,西贝莜面村(北京世贸天阶店),21,4515.0,10112,美食;中式餐饮;西北菜,22,214476.0,1601.0,83,北京市,北京市,朝阳区,北京市朝阳区光华路9号世贸天阶B1-103,116.444685,39.915546,0,,
6601150544390129671,陕西风味餐厅(长安大饭店北),22,3743.0,10112,美食;中式餐饮;西北菜,11,22198.0,664.0,66,北京市,北京市,朝阳区,北京市朝阳区陕西大厦后面,116.451661,39.871027,0,,
6601143080198342660,北京西北汉子酒店管理有限公司,23,3252.0,10112,美食;中式餐饮;西北菜,996,423014.0,1196.0,68,北京市,北京市,朝阳区,北京市朝阳区东三环北路辛2号华商酒店1-2楼,116.453728,39.958915,0,,
6681120756765607950,西贝莜面村(北京新辰里购物中心店),24,3015.0,10112,美食;中式餐饮;西北菜,0,16815.0,343.0,107,北京市,北京市,朝阳区,北京市朝阳区安立路8号北辰名门多福广场5层,116.400224,39.990302,0,,
6601140991095212035,西贝莜面村(北京公益西桥华联店),25,2484.0,10112,美食;中式餐饮;西北菜,97,181478.0,146.0,113,北京市,北京市,丰台区,北京市丰台区南四环中路城南嘉园14号北京华联F3,116.362816,39.833028,0,,
6601138831829764109,马布尔莱斯食府(高米店),26,2407.0,10112,美食;中式餐饮;西北菜,1,10913.0,107.0,56,北京市,北京市,大兴区,北京市大兴区金惠园三里24号楼一层101,116.320899,39.771153,0,,
6601137929140045832,西贝莜面村(北京西苑星悦荟店),27,2404.0,10112,美食;中式餐饮;西北菜,0,30999.0,245.0,89,北京市,北京市,海淀区,北京市海淀区颐和园路龙湖星悦荟,116.284415,39.996613,0,,
6601138495505303559,西贝莜面村(北京通州万达广场店),28,1803.0,10112,美食;中式餐饮;西北菜,0,87693.0,189.0,94,北京市,北京市,通州区,北京市通州区新华西街58号万达广场F3,116.637488,39.904888,0,,
6601176933428365326,左陕右甘(亚运村店),29,1448.0,10112,美食;中式餐饮;西北菜,88,299787.0,395.0,46,北京市,北京市,朝阳区,北京市朝阳区北苑路安慧里四区1号楼21号(近北四环东路辅路),116.407991,39.98894,0,,
6601138164453083140,西贝莜面村(北京双井店),30,1211.0,10112,美食;中式餐饮;西北菜,26,890174.0,1050.0,89,北京市,北京市,朝阳区,北京市朝阳区东三环南路48号北人大酒店2楼,116.455856,39.88783,0,,
6601138896233302024,汉拿山(北京富力城店),1,3825691.0,11702,美食;日韩料理;韩国料理,2795,1423401.0,1229.0,98,北京市,北京市,朝阳区,北京市朝阳区广渠门外大街180号VIVA北京富力广场F8,116.454627,39.894708,1,一卡免费吃北京汉拿山，免费玩遍海洋馆、水魔方、运动萌兽、十渡、奥林匹克水上公园！还包含10+连锁餐饮、北京40家景区低至五折！马上涨价！,248.0
6845238586468501512,乐园夜市场(五道口店),2,3696523.0,10701,美食;韩国料理;韩国料理,19347,1536086.0,311.0,86,北京市,北京市,海淀区,北京市海淀区五道口王庄路33号王庄美食城2层(清华同方科技大厦东侧),116.334139,39.998429,1,乐园夜市场-超值四人餐328元,328.0
6601142181996546061,猪掌柜韩国烤肉,3,1940441.0,11702,美食;日韩料理;韩国料理,34072,30535495.0,72.0,81,北京市,北京市,昌平区,北京市昌平区六街献陵卫胡同5号,116.226457,40.221034,0,,
6601134185572730894,首尔798韩国料理(新荟城购物中心店),4,1730007.0,11702,美食;日韩料理;韩国料理,28237,33786357.0,358.0,93,北京市,北京市,朝阳区,北京市朝阳区阜通西大街望京东园一区120号楼(新荟城4层),116.476307,39.997398,1,两个人的惬意时光超值双人套餐,128.0
6601134083231713284,故乡酒家延吉正宗冷面,5,781664.0,11702,美食;日韩料理;韩国料理,10999,2395131.0,881.0,49,北京市,北京市,西城区,北京市西城区西四北大街59号(近平安里),116.36662,39.928721,0,,
6601240446934976526,会飞的鸡Flyingchicken(望京店),6,619641.0,10701,美食;韩国料理;韩国料理,46246,21068797.0,476.0,58,北京市,北京市,朝阳区,北京市朝阳区万红西街大山子南里9号楼前2幢-1,116.479924,39.9807,0,,
6601125183338055683,09速度披萨(蓝色港湾店),7,555670.0,11702,美食;日韩料理;韩国料理,5449,652908,1186.0,111,北京市,北京市,朝阳区,北京市朝阳区朝阳公园路6号蓝色港湾北侧美食街,116.470326,39.948953,1,速度招牌双人餐,149.0
6601202114653865987,顺心府牛肉板面,8,435393.0,10701,美食;韩国料理;韩国料理,1663,236458.0,103.0,0,北京市,北京市,顺义区,北京市顺义区石园南大街18号院3号楼119号,116.659138,40.106307,0,,
6601138383970371598,小草屋餐厅(望京店),9,350779.0,11702,美食;日韩料理;韩国料理,11868,1150172.0,544.0,77,北京市,北京市,朝阳区,北京市朝阳区阜通东大街30号楼(中医药大学正门对面),116.46381,39.981038,0,,
6934814360682366989,三泉冷面(双井店),10,342634.0,10701,美食;韩国料理;韩国料理,5224,772496.0,1213.0,63,北京市,北京市,朝阳区,北京市朝阳区东三环中路乐成中心SPACE3三层,116.456327,39.893174,0,,
6601159168759957508,酒道口(五道口店),11,319852.0,10701,美食;韩国料理;韩国料理,354,131374.0,311.0,78,北京市,北京市,海淀区,北京市海淀区五道口王庄路东王庄33号二层b03,116.33418,39.998,1,9.5折代金卷,95.0
6601140092528494596,韩时烤肉(双安商场店),12,307607.0,11702,美食;日韩料理;韩国料理,28,39422.0,396.0,97,北京市,北京市,海淀区,北京市海淀区北三环西路38号双安商场5层(地铁人民大学C口出),116.320025,39.964965,1,韩时活动双人套餐,229.0
6601139968423233543,HAN JIMMY芝士铁板鸡(世茂工三店),13,298557.0,10701,美食;韩国料理;韩国料理,49776,23787639.0,1486.0,93,北京市,北京市,朝阳区,北京市朝阳区工人体育场北路13号院1号楼海隆石油工业集团北门106号(首开幸福广场南门对面),116.443097,39.934785,0,,
6601139565409339399,神路居烤肉馆,14,247147.0,10701,美食;韩国料理;韩国料理,954,720451.0,1650.0,104,北京市,北京市,朝阳区,北京市朝阳区工体南路7号,116.440202,39.923094,0,,
6601182950820153347,韩香馆Saveurs de Coree,15,244613.0,11702,美食;日韩料理;韩国料理,15725,9619310.0,1404.0,116,北京市,北京市,东城区,北京市东城区北京东直门北小街22号北京朗姆康百纳酒店二楼,116.419652,39.941672,0,,
6896223568355395584,猪掌柜韩国烤肉管庄分店,16,211202.0,11702,美食;日韩料理;韩国料理,3648,739467.0,178.0,100,北京市,北京市,朝阳区,北京市朝阳区管庄乡东街49号,116.586345,39.915574,0,,
6601145584759867406,韩时烤肉(悠唐店),17,178483.0,11702,美食;日韩料理;韩国料理,693,14604306.0,1691.0,90,北京市,北京市,朝阳区,北京市朝阳区朝外市场街三丰北里2号楼5层510号,116.433679,39.920409,1,韩时活动双人套餐,229.0
6601191432139048968,北京昌平区北七家,18,173419.0,11702,美食;日韩料理;韩国料理,23,1246107.0,29.0,0,北京市,北京市,昌平区,北京市昌平区北清路1期,116.41913,40.104949,0,,
6874499492079568911,肉味相投·韩式烤肉,19,118939.0,10701,美食;韩国料理;韩国料理,1353,450071.0,1608.0,121,北京市,北京市,朝阳区,北京市朝阳区金汇路中骏世界城E座3层,116.446175,39.916413,1,品质双人餐,238.0
6772385537467697160,七八冷面(圣熙八号店),20,92715.0,10701,美食;韩国料理;韩国料理,380,164059.0,296.0,65,北京市,北京市,海淀区,北京市海淀区学清路甲8号东侧一楼,116.348986,40.007328,1,延边特色双人餐,89.0
6751611308627478532,拌度,21,90693.0,11702,美食;日韩料理;韩国料理,5720,945621.0,108.0,45,北京市,北京市,顺义区,北京市顺义区站前北街78号1号F1-8,116.641269,40.13011,0,,
6601135797921908750,韩时烤肉(望京华彩商业中心店),22,79720.0,11702,美食;日韩料理;韩国料理,18,34242.0,331.0,95,北京市,北京市,朝阳区,北京市朝阳区广顺北大街16号望京华彩商业中心4层(家乐福楼上),116.462979,40.009625,1,韩时活动双人套餐,229.0
6601141479496747016,包装马车(东源大厦店),23,79691.0,11702,美食;日韩料理;韩国料理,8384,4634247.0,331.0,85,北京市,北京市,海淀区,北京市海淀区成府路35号东源大厦三楼,116.330329,39.991861,0,,
6601130063419164676,首尔798韩国料理地区(五道口东源店),24,75064.0,11702,美食;日韩料理;韩国料理,10969,9668226.0,331.0,91,北京市,北京市,海淀区,北京市海淀区成府路35号东源大厦3层,116.330255,39.991849,1,双人肋排的甜蜜时光,199.0
6941586790528649219,美都波·五花肉·八爪鱼(望京店),25,71755.0,11702,美食;日韩料理;韩国料理,128,16867.0,441.0,117,北京市,北京市,朝阳区,北京市朝阳区湖光中街港旅大厦B1层,116.458366,39.995299,1,[美都波韩国料理]109元抢双人套餐,109.0
6887929903887632399,权金城(延庆万达店),26,55367.0,10701,美食;韩国料理;韩国料理,340,232947.0,31.0,103,北京市,北京市,延庆区,北京市延庆区庆园街万达广场4层4003,115.978455,40.473499,1,烤肉界的劳斯莱斯！仅218元享门市价438元权金城烤肉四人餐，免预约!,218.0
6877873339541489672,幸福食堂韩式料理,27,50619.0,10701,美食;韩国料理;韩国料理,4609,775974.0,1189.0,79,北京市,北京市,朝阳区,北京市朝阳区广渠路优士阁大厦B座一层南侧底商105号,116.453316,39.891432,1,火辣辣牛肠锅套餐,128.0
6601149935649818638,韩时烤肉(小营店),28,46793.0,11702,美食;日韩料理;韩国料理,7,90174.0,466.0,101,北京市,北京市,朝阳区,北京市朝阳区小营东路甲5号楼1层(北京联合大学北门),116.422103,39.992552,1,韩时活动双人套餐,229.0
6601141023647205383,釜田家果木烤肉,29,43284.0,10701,美食;韩国料理;韩国料理,17,177854.0,57.0,129,北京市,北京市,密云区,北京市密云区新中街151号英伦国际歌厅楼下,116.844684,40.371272,0,,
6601139460782426126,爱江山(西四环店),30,40804.0,11702,美食;日韩料理;韩国料理,91,249471.0,254.0,402,北京市,北京市,海淀区,北京市海淀区正福寺2号板井路网球场内(板井路),116.279924,39.946781,0,,
